keyword,count
based on novel or book,943
romance,488
miniseries,439
friendship,430
love,381
murder,315
sequel,293
based on true story,253
romcom,249
duringcreditsstinger,243
amused,226
villain,224
thriller,217
female protagonist,216
high school,200
suspenseful,199
coming of age,193
based on comic,190
anime,187
revenge,187
investigation,184
supernatural,184
new york city,175
hilarious,173
magic,173
survival,173
based on manga,161
small town,157
illumination,153
romantic,151
aftercreditsstinger,150
lgbt,150
absurd,149
family,146
period drama,146
dramatic,146
teen drama,142
admiring,138
detective,137
christmas,135
superhero,132
true crime,131
psychological thriller,130
super power,125
martial arts,125
telenovela,124
monster,122
time travel,122
school,122
nostalgic,122
lawyer,121
remake,117
loving,117
horror,114
love triangle,113
infidelity,112
gay theme,110
bold,108
historical fiction,107
holiday,107
suspense,106
serial killer,103
anthropomorphism,102
based on webcomic or webtoon,102
assassin,101
heist,100
criminal,100
woman director,100
spin off,98
conspiracy,98
single mother,97
based on video game,97
fight,96
dating show,95
family relationships,92
shounen,92
secret organization,91
"los angeles, california",90
affectation,89
teenage romance,88
intense,87
dark fantasy,85
1980s,84
social media,84
flashback,82
female friendship,82
joyful,81
aggressive,81
dark,80
missing person,80
biography,80
adoring,79
sympathetic,79
excited,79
jealousy,75
historical,75
comforting,74
slice of life,74
"london, england",74
police,73
frightened,73
complex,73
falling in love,73
dog,73
father daughter relationship,73
drug dealer,72
mother daughter relationship,72
sports,72
audacious,72
war,72
chaebol,71
blind date,71
compassionate,71
animals,70
doctor,70
demon,70
rivalry,70
supervillain,69
dark comedy,69
england,69
teenager,69
california,68
prize,68
fbi,67
bullying,67
anxious,66
bank robbery,66
hospital,65
drug cartel,65
dystopia,65
1990s,65
awestruck,64
alternate history,64
hero,64
missing child,63
game,63
wedding,63
depressing,63
parent child relationship,63
teenage girl,62
vampire,62
georgian or regency era,61
telekinesis,61
musical,61
redemption,61
robbery,61
apocalypse,61
supernatural horror,60
prison,60
central intelligence agency (cia),60
battle,60
historical drama,60
brother brother relationship,60
halloween,59
society,59
single,59
melodramatic,59
prequel,59
spy,59
sheriff,58
kidnapping,58
hidden identity,58
intimate,58
charming,58
mother son relationship,58
social experiment,57
first love,57
teacher,57
military,57
biting,57
spain,56
gangster,56
cheerleading,56
alien,56
escape,56
competition,55
death,55
world war ii,55
kids,55
melodrama,54
based on young adult novel,54
experiment,54
royalty,54
government conspiracy,54
cheating,53
evil corporation,53
tense,53
prince,53
zombie,53
father son relationship,53
ghost,53
playful,53
supernatural power,52
mission,52
professor,52
airplane flight,52
inspirational,52
heartfelt,52
3d animation,52
husband wife relationship,52
child abuse,51
presumed dead,51
parallel world,51
courtship,51
family tension,51
passengers,51
superhero kids,50
skateboarding,50
80s throwback,50
singer,50
computer nerd,50
chief of police,50
1970s,50
hitman,50
nostalgia,50
drug scene,50
cheerful,50
stalker,49
bridgerton,49
anthology,49
non-traditional casting,49
relationship,49
post-apocalyptic future,48
death game,48
brisk,48
dating,47
based on tv series,47
based on graphic novel,47
distressing,47
power,47
murder mystery,46
engagement,46
mysterious,46
19th century,46
baby,46
betrayal,46
daughter,46
body-swap,46
desperate,46
dramedy,45
cliché,45
high school student,45
challenge,45
writer,45
fictional game show,44
lighthearted,44
sports documentary,44
vibrant,44
sword,43
"paris, france",43
single men,43
single ladies,43
liberation,43
secret agent,43
social issues,43
rape,43
addiction,42
fantasy,42
based on play or musical,42
death match,42
thief,42
tragic,41
hostage situation,41
courtroom drama,41
rich man poor woman,41
cruelty,41
courtroom,41
wizard,41
boys' love (bl),41
royal family,41
witch,41
treasure hunt,41
mystery,40
marriage,40
fantasy world,40
female assassin,40
money laundering,40
ex-con,40
money,40
artificial intelligence (a.i.),40
psychological,39
neighbor,39
joseon dynasty (1392–1910),39
satirical,39
creature,39
disdainful,39
serious,39
illegal drugs,39
workplace,39
childhood memory,39
inspiring,39
opposites attract,38
based on movie,38
lgbt teen,38
macabre,38
approving,38
shocking,37
summer,37
vikings (norsemen),37
dragon,37
1910s,37
1940s,37
literary agent,37
older woman younger man relationship,37
fatal attraction,37
mexico,37
sexual tension,37
diving,37
hopeful,37
bookstore,37
essay,37
dark romance,37
voyeur,37
obsessive love,37
class differences,37
based on children's book,36
satire,36
village,36
wrongful imprisonment,36
1920s,36
american abroad,36
childhood friends,36
rescue,36
hotel,36
virus,35
poverty,35
corruption,35
surfing,35
bittersweet,35
sitcom,35
mother,35
seduction,35
swoonworthy,35
drugs,35
shark,35
medical drama,34
dysfunctional family,34
tragedy,34
espionage,34
fairy tale,34
violence,34
japan,34
island,34
grand,34
tunnel,33
single father,33
stockholm syndrome,33
singing,33
perfect crime,33
santa claus,33
the white house,33
journalist,33
north carolina,33
lust,33
heir,33
beach,33
original net animation (ona),33
asexuality,33
road trip,33
autism,33
outer banks,32
domestic abuse,32
friends,32
healing,32
parody,32
organized crime,32
male friendship,32
training,32
boat chase,32
mental illness,31
gang,31
technology,31
reality competition,31
reboot,31
whimsical,31
airplane hijacking,31
future,31
robot,31
father,30
alchemy,30
cartoon,30
exhilarated,30
antagonistic,30
law firm,30
end of the world,30
exuberant,30
disrespectful,30
ship,30
murder investigation,30
ambivalent,30
familiar,30
fbi agent,30
flirting,30
undercover,30
angry,30
assertive,30
teen comedy,30
"betty ""la cozza""",30
live action remake,30
pets,30
gore,30
documentary,30
secret,30
brother,30
powerful,30
soul transference,29
martial arts master,29
court,29
special forces,29
witty,29
drug trafficking,29
fatherhood,29
cheerful girl,29
body exchange,29
sea,29
bromance,29
"san francisco, california",29
prehistory,29
adoptive father,28
co-workers relationship,28
australia,28
speculative,28
playboy,28
troll,28
based on toy,28
princess,28
marketing,28
space,28
empathetic,28
adult animation,28
politician,28
time skip,28
ex-boyfriend,28
flood,28
terrorism,28
serene,27
court case,27
wrestling,27
warrior,27
teenage boy,27
slow burn romance,27
king,27
germany,27
adventure,27
sibling relationship,27
dynasty,27
wolf,27
whodunit,27
british history,27
father figure,27
british royal family,27
frenemies,27
relationships,27
legal,27
drug crime,26
soldier,26
british monarchy,26
horrified,26
brothers,26
menage a trois,26
italy,26
based on short story,26
educational,26
japanese high school,26
teenage sexuality,25
blood,25
demon hunter,25
tank,25
orphan,25
1960s,25
love tested,25
bucket list,25
animation,25
god,25
night life,25
mutant,25
buddy comedy,24
alien life-form,24
cautionary,24
karate,24
world war i,24
sentimental,24
trauma,24
sensei,24
dojo,24
disheartening,24
martial artist,24
"medellín, colombia",24
trench warfare,24
plane,24
workaholic,24
american football,24
religion,24
interpol,24
music,24
baffled,24
agent,24
teenage protagonist,24
mutation,23
estranged daughter,23
understated,23
гей-влюбленность,23
dinosaur,23
гей-отношения,23
motherhood,23
abuse,23
гей-поцелуй,23
"seoul, south korea",23
academy,23
plane crash,23
narkotykowe gangi,23
politics,23
kingpin,23
dilerzy narkotykowi,23
nocne porachunki,23
romantic drama,23
environmental change ,23
гей-персонаж,23
taisho,23
nurse,23
live action and animation,23
terrorist attack,23
occult,23
missouri,23
appreciative,23
aircraft,23
anti hero,23
good versus evil,23
sex comedy,23
shootout,23
sexual assault,23
rich,23
audition,23
palace intrigue,23
german soldier,23
medieval,23
on the run,22
ogre,22
sex,22
stalking,22
game show,22
2000s,22
revolution,22
couple,22
disaster,22
"new orleans, louisiana",22
global warming,22
secrets,22
interracial romance,22
brutality,22
best friend,22
toad,22
mercenary,22
killer,22
based on comic strip,22
defiant,22
sonar,22
suicide,22
police officer,22
teen movie,21
south carolina,21
real estate agent,21
school life,21
bearer bonds,21
evil king,21
triathlon,21
piano,21
dignified,21
catacombs,21
gorilla,21
damsel in distress,21
blackmail,21
forest,21
magic mushroom,21
parenting,21
interview,21
"sao paulo, brazil",21
slight romance,21
plumber,21
assistant,21
sibling rivalry,21
gothic,21
ozarks,21
feel good,21
enchant,21
adaptation,21
cop,21
gun,21
provocative,21
surrealism,21
short film,21
british politics,21
cult,21
oval office,21
office romance,21
kingdom,21
antihero,21
financial advisor,21
ocean,20
texas,20
based on memoir or autobiography,20
france,20
hedgehog,20
addams family,20
disturbed,20
goth girls,20
legal drama,20
demeaning,20
frantic,20
prisoner,20
anti heroine,20
undead,20
werewolf,20
talking animal,20
unreliable narrator,20
female agent,20
neo-noir,20
exorcism,20
puppy,20
hostage,20
learning,20
scientist,20
football (soccer),20
enemies to lovers,20
family business ,20
widow,20
baby brother,20
offbeat,20
memory loss,20
grief,20
british empire,20
secret relationship,20
depression,20
cohabitation,20
devil,19
seinen,19
flight attendant,19
cartoon donkey,19
usa–mexico border,19
slavery,19
china,19
formula one (f1),19
sisters,19
struggle for survival,19
sports entertainment,19
dracula,19
sex therapy,19
transgender,19
cat,19
medical,19
enthusiastic,19
dead dog,19
love affair,19
black lgbt,19
apartment building,19
asexual,19
amnesia,19
sex therapist,19
crime,19
toxic relationship,18
zealous,18
climate change,18
car race,18
explore,18
observational documentary,18
zombie apocalypse,18
nordic history,18
family obligations,18
mistaken identity,18
best friends,18
abusive boyfriend,18
gang solves mystery,18
historical war,18
sword & shield,18
sapphic,18
possession,18
child sexual abuse,18
pandemic,18
gentle,18
european history,18
first date,18
superstar,18
masked supervillain,18
sinister,18
monsters,18
lapd,18
rescue mission,18
married man,18
parent,18
drug,18
bakery,18
elves,18
saving the world,18
truth,18
vacation,18
reincarnation,18
social satire,18
loss of loved one,18
singing competition,18
curse,18
trip,18
jeju island,18
twins,18
history of india,18
freedom fighter,18
young woman,18
cooking,18
friends to lovers,18
killed in action,18
art thief,18
calm,17
colorado,17
curious,17
commanding,17
train,17
fugitive,17
breathing,17
web series,17
joyous,17
ambiguous,17
drama,17
historical figure,17
"philadelphia, pennsylvania",17
businessman,17
celebrity,17
covid-19,17
casual,17
insanity,17
alcoholism,17
sibling,17
hardship,17
earnest,17
second chance,17
enchantment,17
video game,17
samurai,17
spacecraft,17
dirty cop,17
mafia,17
judge,17
reality television,17
chef,17
hacker,17
teen superhero,17
somber,17
employer employee relationship,16
motorcycle gang,16
blood sucking,16
barking dog,16
alien invasion,16
moon,16
treasure,16
sister sister relationship,16
told in flashback,16
pet,16
adventurer,16
urban legend,16
universe,16
"based on magazine, newspaper or article",16
kid genius,16
return to hometown,16
political thriller,16
secret identity,16
life,16
forbidden love,16
teacher student relationship,16
prom,16
lost at sea,16
shooting dog,16
homelessness,16
arranged marriage,16
swamp,16
egotistical,16
castle,16
catastrophe,16
sismance,16
flight,16
nature documentary,16
buddy cop,16
house flipping,16
youth,16
real estate,16
smart,16
market,16
seaside,16
feel-good,16
hijacked flight,16
snow,16
mythology,15
asperger's syndrome,15
ufo,15
psychopath,15
stage,15
slasher,15
fake identity,15
death in family,15
heiress,15
cleopatra,15
mutilation,15
powder,15
cataclysm,15
giant monster,15
war of independence,15
university,15
"manhattan, new york city",15
metro cdmx,15
child prodigy,15
league of legends,15
taisho period,15
anachronism,15
basketball,15
intern,15
broken family,15
childhood sexual abuse,15
cartel,15
teamwork,15
swordplay,15
lacrimation,15
korean,15
demon slayer,15
unassuming,15
bank,15
end of world,15
beverly hills,15
evil dictator,15
video games,15
complicated,15
survival at sea,15
foreboding,15
costume drama,15
criminal underworld,15
scandal,15
blunt,15
narcos,15
deer,15
maid,15
based on cartoon,15
disappearance,15
introspective,15
investigate,15
tournament,15
love-hate relationship,15
family drama,15
guns,15
action,15
mental health,14
plastic surgeon,14
thug,14
pregnancy,14
escaped prisoner,14
racism,14
adulterous wife,14
airplane,14
lordship,14
disaster movie,14
melancholy,14
vigilante,14
dreams,14
femme fatale,14
framed for murder,14
extramarital affair,14
crime documentary,14
video surveillance,14
strong woman,14
christmas spirit,14
disgusted,14
neo-western,14
family conflict,14
"marseille, france",14
non-binary,14
police corruption,14
school bullying,14
ex-cop,14
skilled fighter,14
irreverent,14
ridiculous,14
euphoric,14
workplace comedy,14
mean spirited,14
based on short,14
europe,14
usa president,14
housewife,14
married couple,14
unhappy marriage,14
ex-boyfriend ex-girlfriend relationship,14
promiscuous woman,14
cruel,14
callous,14
sexual desire,14
sexual fantasy,14
ex-lover,14
sexual obsession,14
education,14
growing up,14
evil mastermind,14
racing,14
prayer,14
2010s,14
self-harm,14
bond,14
candid,14
meditative,14
makeover,14
spy thriller,14
private detective,14
mourning,14
epic,14
superhuman strength,14
death of father,14
cavemen,14
"oslo, norway",14
ice,14
sentimentality,14
sister,14
custody,14
emperor,14
race,14
quirky,14
medical student,14
lesbian,14
parenthood,14
u.s. ambassador,13
japanese occupation of korea,13
meteorite,13
ex-marine,13
fish out of water,13
haunted house,13
bank robber,13
villain arrested,13
volcano,13
secondary couple,13
habsburger,13
psychic power,13
austria-hungary,13
older man younger woman relationship,13
abused woman,13
based on manhwa,13
high school drama,13
super villain,13
austria,13
abused child,13
evil spirits,13
prosecutor,13
empress,13
critical,13
defraud,13
town mayor,13
natural disaster,13
cine mexicano,13
coming out,13
bomb,13
immortality,13
jukebox musical,13
explosion,13
vatican (holy see),13
"mexico city, mexico",13
young adult,13
military life,13
surgeon,13
"denver, colorado",13
prostitute,13
brother sister relationship,13
online dating,13
hybrid,13
rock band,13
social media influencer,13
period piece,13
"pennsylvania, usa",13
independent film,13
human animal hybrid,13
enraged,13
andes mountains,13
las vegas,13
contacting spirits,13
frustrated,13
female politician,13
paranormal phenomena,13
athlete,13
slapstick comedy,13
winter,13
teenage love,12
earthquake,12
"brooklyn, new york city",12
car accident,12
bdsm,12
marijuana,12
domestic violence,12
masculinity,12
africa,12
bounty hunter,12
cine uruguayo,12
underwater,12
alternative reality,12
vampire hunter (slayer),12
hostage negotiator,12
teenage pregnancy,12
cannibalism,12
victorian england,12
horror anthology,12
ranch,12
supernatural battle,12
turkish,12
home invasion,12
roommates,12
fear,12
robin hood,12
chase,12
nfl (national football league),12
donkey,12
witchcraft,12
tailor,12
orphanage,12
family secrets,12
research,12
action hero,12
fairy,12
evil doctor,12
rugby,12
sniper,12
business,12
speed,12
supernatural comedy,12
jail,12
evil alien,12
japanese folklore,12
uruguay,12
shepherd,12
samurai sword,12
farm,12
combat,12
comet,12
effects from the past,12
undercover agent,12
based on real person,12
cocaine,12
bar fight,12
mountain climbing,12
exploration,11
stand-up comedian,11
vigilante justice,11
norwegian folklore,11
salvation,11
india,11
diplomat,11
asteroid,11
tutor,11
norse mythology,11
casino,11
gentleminions,11
usa politics,11
baking competition,11
massachusetts,11
17th century,11
loner,11
meet again,11
christmas party,11
kaiju,11
ancient world,11
smart male lead,11
queen,11
gang violence,11
toxic masculinity,11
fitness,11
based on card game,11
shoujo,11
entrance examination,11
divorced,11
"miami, florida",11
relaxed,11
intelligence,11
crew,11
tropical island,11
vexed,11
smile,11
pretending to be poor,11
inter-korean relations,11
fast,11
stone age,11
secret mission,11
dea,11
norway,11
legal battle,11
midlife crisis,11
hard to kill,11
гей-секс,11
saving christmas,11
hand to hand combat,11
legal thriller,11
spider,11
jidaigeki,11
shinsengumi,11
bakumatsu,11
ishin shishi,11
humanity,11
poland,11
wealthy family,11
clone,11
monarchy,11
desert,11
sexuality,11
unicorn,11
ex-cia agent,11
lost memory,11
oil,11
food,11
musician,11
manipulation,11
ballet,11
honeymoon,11
sport,11
superhero team,11
cross dressing,11
funeral,11
greece,11
near future,11
middle school,11
beauty standards,11
journey,11
travel,11
animal attack,11
u.s. navy,11
grandparent grandchild relationship,11
gothic horror,11
coma,11
paranormal,11
illness,10
sadness,10
cyberpunk,10
buddy movie,10
terminal illness,10
abduction,10
sisters relationship,10
airport,10
archive footage,10
hunger,10
female detective,10
indifferent,10
demonic possession,10
human trafficking,10
murcielagos,10
spaceship,10
boarding school,10
submarine,10
boat,10
transformation,10
shopkeeper,10
woman lawyer,10
drug lord,10
psychological drama,10
village setting,10
afterlife,10
nun,10
ireland,10
monkey,10
widower,10
matter of fact,10
foreign language adaptation,10
sea monster,10
con artist woman,10
kamikaze,10
bird,10
sbt,10
group of friends,10
kids music,10
classroom,10
torture,10
cruise ship,10
instagram,10
18th century,10
space travel,10
childhood sweethearts,10
cold case,10
aristocrat,10
dance,10
montana,10
soap opera,10
case,10
billionaire,10
fisherman,10
thoughtful,10
public humiliation,10
photographer,10
conglomerate,10
power struggle,10
double identity,10
job seeking,10
grave,10
asian american,10
spirit,10
victim,10
camera,10
fencing,10
knowledge,10
"chicago, illinois",10
sword fight,10
financial crisis,10
doppelgänger,10
broken promise,10
enemies to friends,10
nature,10
child abandonment,10
divorce,10
morocco,10
based on light novel,10
gender swap,10
medical resident,10
special ability,10
rogue agent,10
bartender,10
tiger,10
autistic,10
"seattle, washington",10
pretentious,10
tyrannosaurus rex,10
haunting,10
action comedy,10
cyber thriller,10
survival horror,10
informative,10
gender bender,10
social sci-fi,10
fashion,10
loss,10
exciting,10
transmigration,10
bisexual,10
mass hysteria,10
drug dealing,10
college,10
sewer,10
ancestor,10
gynecologist,10
wanted,10
mongrel,9
dreary,9
life's dream,9
study abroad,9
ambition,9
international student,9
civil war,9
campus romance,9
stealing,9
u.s. marine,9
little girl,9
tomboy,9
shipwreck,9
intelligent,9
break-up,9
sincere,9
podcaster,9
murder trial,9
twin brother,9
denial,9
shaman,9
psychiatric hospital,9
vengeance,9
mountain,9
rodent,9
championship,9
social commentary,9
lifestyle,9
monk,9
ambassador,9
ultimatum,9
panic,9
self-discovery,9
nazi,9
generation z,9
bunny,9
dark secret,9
origin story,9
summer vacation,9
heroism,9
christmas eve,9
los angeles airport (lax),9
government official,9
jewish family,9
miscarriage,9
reality show,9
survival show,9
rich family,9
crime scene,9
death of husband,9
anesthesiologist,9
super vision,9
millionaire,9
terrier,9
mysterious events,9
rape victim,9
sadism,9
moral dilemma,9
car crash,9
mansion,9
black and white,9
gang of thieves,9
classmates relationship,9
mongolia,9
squirrel,9
street life,9
crude humor,9
poet,9
board game,9
youkai,9
memory,9
businesswoman,9
alien planet,9
woodpecker,9
alien friendship,9
scuba diving,9
abortion,9
boxing,9
pope,9
wilderness,9
song dynasty (960-1279),9
gold,9
american diplomat,9
mass murder,9
teenage killer,9
weak hero (2022),9
astronaut,9
fighting,9
shooting,9
hometown,9
post-war italy,9
knight,9
divorced woman,9
bitcoin,9
destination wedding,9
community,9
super fast,9
health care reform   ,9
political crisis,9
health care,9
historical romance,9
astronomer,9
pirate,9
doctor patient relationship,9
wild west,9
eating disorder,9
public health,9
kid,9
healthcare,9
nollywood,9
ominous,8
rural area,8
suspense thriller,8
adolescence,8
fetish,8
rescue operation,8
"kent, england",8
single take,8
cattle ranch,8
new mexico,8
aromanticism,8
gay relationship,8
british school system,8
confrontation,8
exploitation,8
comic adaptation,8
shinkansen,8
celebratory,8
military police,8
aromantic,8
stripper,8
trans woman,8
docudrama,8
son,8
gloomy,8
social class,8
catholicism,8
basketball player,8
wildlife conservation,8
hit-and-run,8
race against time,8
female stalker,8
social inequality,8
time loop,8
interspecies romance,8
artist,8
family comedy,8
lovers reunited,8
hawaii,8
mischievous,8
supernatural creature,8
historical documentary,8
construction worker,8
pedophilia,8
insomnia,8
semi-prequel,8
straw hat,8
reunion,8
бисексуальный главный герой,8
pony,8
bickering couple,8
high school sweetheart,8
трансгендерный персонаж,8
alien contact,8
sweden,8
behind the scenes,8
20th century,8
father daughter reunion,8
legend,8
apartment,8
young heroes,8
modern history,8
"edinburgh, scotland",8
massacre,8
insecurity,8
loyalty,8
alien spaceship,8
jungle,8
gritty,8
human cloning,8
husband cheating on wife,8
bankruptcy,8
bombing,8
camping,8
female villain,8
magical realism,8
civil servant,8
symbiote,8
rare disease,8
australian outback,8
found footage,8
basketball team,8
genetics,8
гей-герой,8
priest,8
гей-пара,8
campy,8
middle east,8
airplane crash,8
"melbourne, australia",8
mummy,8
ice age,8
transsexuality,8
pathetic,8
hitwoman,8
entrepreneur,8
undercover operation,8
prison escape,8
volcanic eruption,8
alien civilization,8
jewel heist,8
гей,8
nitroglycerin,8
cerebral,8
police procedural,8
queer,8
favela,8
planet earth,8
music documentary,8
traitor,8
gospel music,8
oregon trail,8
wish,8
pop star,8
psychotronic,8
safecracker,8
based on web novel,8
2050s,8
loneliness,8
time jump,8
marriage engagement,8
nuclear missile,8
fight for justice,8
model,8
male male relationship,8
scammer,8
tragic past,8
male prostitution,8
past,8
undercover cop,8
canada,8
murderer,8
church,8
japanese family,8
depressed woman,8
meiji period,8
lonely woman,8
impoverished,8
wolfman,8
bible,8
cold female lead,8
beauty,8
grandmother,8
outlaw,8
extraterrestrial life form,8
hunter,8
weather forecaster,8
sarcastic,8
nice male lead,8
lie,8
ufo crash,8
hunted,8
childhood trauma,7
criminal mastermind,7
cine argentino,7
con,7
social network,7
justice,7
elderly,7
starting over,7
police detective,7
baking,7
dark fiction,7
psychic,7
wonder,7
yacht,7
mi6,7
jamaican gangster,7
financial hardship,7
black community,7
resilience,7
hustling,7
capitalism,7
safe,7
youth culture,7
drug trade,7
deserted island,7
urban life,7
despair,7
police chase,7
plague doctor,7
bubble comics,7
unorthodox,7
15th century,7
cooking competition,7
reflective,7
nightclub,7
private school,7
fraud,7
wife,7
animals & nature,7
cakes,7
interracial relationship,7
exorcist,7
thalassophobia,7
north pole,7
vampire human love,7
social outcast,7
rapper,7
loss of virginity,7
tsunami,7
alcoholic,7
sex work,7
well,7
popular boy,7
chronicles,7
elements,7
carbon offset,7
criminal investigation,7
colleagues,7
pilot,7
armed robbery,7
surveillance,7
brutal violence,7
trapped underwater ,7
hidden truth,7
lost treasure,7
human vs alien,7
crime investigation,7
sherlock holmes,7
crime family,7
patriarchy,7
buried memories,7
medicine,7
atomic bomb test,7
cat and mouse,7
black humor,7
invisible person,7
run,7
other world,7
criminals,7
jewelry heist,7
divorced man,7
club,7
patient,7
homicide,7
unsolved mystery,7
sting operation,7
trapped,7
breaking the fourth wall,7
double life,7
western,7
crime syndicate,7
scuba,7
graduation,7
catfishing,7
portal,7
police chief,7
college friends,7
marvel cinematic universe (mcu),7
deepsea,7
message,7
investigative journalist,7
friends with benefits,7
mona lisa (la gioconda),7
raven,7
parents-in-law,7
boyfriend,7
new england,7
flying saucer,7
diving suit,7
olympic sport,7
questioning,7
book,7
arrested development,7
identical twin,7
clue,7
adult humor,7
warning,7
puzzle box,7
nightmare,7
underage drinking,7
loveless marriage,7
urgent,7
wrongly condemned,7
buddy film,7
found family,7
adoption,7
darkling,7
apologetic,7
library,7
assault rifle,7
fashion designer,7
koala,7
fire accident,7
historical event,7
condescending,7
telepathy,7
boxer,7
deception,7
investment,7
unfaithful wife,7
modest,7
family vacation,7
famous,7
manhunt,7
female killer,7
car,7
elite sniper,7
business tycoon,7
hostile,7
age-gap relationship,7
psychotic,7
new love,7
juvenile detention center,7
child murder,7
surreal world,7
age regression,7
emotions,7
psychiatrist,7
middle ages (476-1453),7
young offender,7
unhealthy relationship,7
female doctor,7
sacrifice,7
spy action,7
american wilderness,7
paranoia,7
juvenile crime,7
debt,7
search,7
imaginative,7
"eiffel tower, paris",7
stop motion,7
gun fight,7
obsession,7
personal assistant,7
miscegenation,6
terrorist group,6
greenhouse gases,6
only child,6
oil rig ,6
malicious,6
national intelligence service (nis),6
isolationism,6
oil tanker,6
computer animation,6
lsd,6
conspiracy theory,6
afghanistan,6
police station,6
easter island,6
landscape,6
sign languages,6
old flame,6
supernatural phenomena,6
religious cult,6
female athlete,6
student,6
transylvania,6
gymnastics,6
investigator,6
virtual,6
veterinary,6
atlantic ocean,6
city life,6
cowboy,6
fire team,6
circus,6
house party,6
spoiled child,6
psychological abuse,6
tricked,6
earn to live,6
escape artist,6
cold war,6
precocious child,6
caper comedy,6
acrobats,6
bad parenting,6
united kingdom,6
war on terror,6
female child abuser,6
abusive family,6
skeleton,6
fantasy sequence,6
age difference,6
pop music,6
arrogant,6
titanic,6
animal cruelty,6
лесбиянка,6
libya,6
sponsorship,6
conman,6
naval combat,6
pregnant woman,6
mexican cartel,6
rape accusation,6
death of wife,6
travel agent,6
youngest son,6
conglomerate heir,6
interrogation,6
backpacker,6
ransom demand,6
based on anime,6
hostage-taking,6
brotherhood,6
far west,6
alcohol abuse,6
american frontier,6
grieving man,6
upper class,6
maze,6
drowning,6
9th century,6
new life,6
philosophical,6
divorcee,6
saxons,6
moving out,6
guilt,6
virtual assistant,6
olympic games,6
drug war,6
talent agency,6
chasing dreams,6
tv station,6
heartwarming,6
instructive,6
history,6
female soldier,6
old testament,6
earth,6
water pollution,6
panorama,6
earth in peril,6
solar power,6
aerial photography,6
psychological stress,6
entertainment industry,6
isolated island,6
smart home,6
paramedic,6
family company,6
intoxication,6
indigenous peoples,6
embarrassed,6
colombia,6
boyfriend girlfriend relationship,6
employer,6
diva,6
jury trial,6
human nature,6
fiancé,6
switched at birth,6
alcohol problems,6
chance meeting,6
puberty,6
villa,6
invasion,6
louisiana,6
terror,6
domineering,6
interracial family,6
child hero,6
agnostic,6
gang rape,6
rabbi,6
cyberwar,6
new jersey,6
assassination,6
"barcelona, spain",6
nudity,6
bank manager,6
gypsy,6
sister's wedding,6
conceited,6
secret society,6
favor,6
refugee,6
young,6
2020s,6
genetic engineering,6
man vs machine,6
bank employee,6
spider web,6
religious group,6
sexual abuse,6
mexican,6
propaganda,6
work,6
accountant,6
christmas thriller,6
jordan,6
forceful,6
wuxia,6
internet crime,6
ghetto,6
death of brother,6
turin italy,6
turin,6
separation,6
human animal relationship,6
matchmaking,6
government corruption,6
cynical,6
action thriller,6
opportunity,6
panda,6
unsolved murder,6
road rage,6
kung fu,6
gunfight,6
criminal lawyer,6
space mission,6
furious,6
destiny,6
birmingham,6
godzilla,6
rebellion,6
one man army,6
protection racket,6
crash landing,6
want to get married,6
gal pals,6
illegal gambling,6
underdog,6
envy,6
zohaib,6
cheerleader,6
talk show,6
plot twist,6
hurricane,6
bookmaker,6
finland,6
mystical,6
love story,6
ecchi,6
disappearances,6
comedy thriller,6
crimes,6
police psychologist,6
missing daughter,6
pretend family,6
biblical epic,6
drug addiction,6
female warrior,6
spirit possession,6
secret service,6
"sydney, australia",6
scotland,6
pubescent,6
"hokkaido, japan",6
uprising,6
existentialism,6
hidden past,6
estranged grandparent,6
big mouth,6
western animation,6
indigenous australians,6
butterfly effect,5
age,5
ethiopia,5
taxi driver,5
british army,5
naval battleship,5
patriot,5
father son conflict,5
sahara desert,5
fistfight,5
gourmet,5
arrest,5
multiple personality,5
hotel chain,5
marriage counselling,5
genetic scientist,5
dungeon,5
duty,5
dead daughter,5
whirlwind romance,5
muscles,5
radioactivity,5
post war japan,5
gastronomy,5
former lovers,5
naval battle,5
daughter's wedding,5
sport competition,5
high school rivalry,5
clairvoyant,5
thailand,5
nuclear weapons,5
young dead girl,5
international manhunt,5
sorcerer,5
reunite,5
urban adventure,5
noah's ark,5
social life,5
abusive husband,5
spotter,5
sorcery,5
farmer,5
kiss,5
american dream,5
attention deficit hyperactivity disorder (adhd),5
overdose,5
cyber terrorism,5
哥斯拉-1.0,5
actor,5
mental control,5
cursed object,5
physical training,5
fighter pilot,5
lightning,5
figure study,5
olympic champion,5
genesis,5
preparation,5
mental health advocate,5
urban fantasy,5
rowing,5
sportsman,5
occultism,5
supernatural ability,5
rhythmic gymnastics,5
brain training,5
falsely accused,5
belgium,5
bitter,5
opium,5
fireworks,5
archbishop,5
noah,5
commando,5
u.s. senator,5
retired,5
young daughter,5
swindler,5
moonlighting,5
ninjas,5
army veteran,5
"phuket, thailand",5
peru,5
attack,5
gold heist,5
ninja,5
army colonel,5
horror for children,5
tokusatsu,5
marine sniper,5
fugitive suspect,5
false accusations,5
colorado rockies,5
small town america,5
hdd,5
war orphan,5
death of friend,5
survivor's guilt,5
prophet,5
art heist,5
power politics,5
gunnery sergeant,5
pipeline,5
anxiety,5
marine veteran,5
taiwan,5
protective mother,5
luck,5
spanish transition,5
drinking,5
fairy godmother,5
monster hunter,5
heir to the throne,5
"málaga, spain",5
gun violence,5
husband,5
pedophile,5
grieving,5
triad,5
archery,5
survival competition,5
trauma center,5
deadly snake,5
rescue team,5
aeni,5
suspicious,5
immigration,5
bermuda triangle,5
triangle,5
new encounter,5
old continent,5
korean reunification,5
tragicomedy,5
missing relative,5
treasure map,5
lighter,5
mysterious letter,5
huns,5
norwegian history,5
crime lord,5
con man,5
ayrton senna,5
power of love,5
past love,5
valkyrie,5
loan shark,5
wealth,5
"stockholm, sweden",5
parole,5
supervisor,5
loss of wife,5
american football player,5
encounter group,5
east asian lead,5
art exhibition,5
auto racing,5
motorsport,5
cybercrime,5
enemies,5
nypd,5
maharajah,5
mind reading,5
french police,5
magic realism,5
detective couple,5
indian wedding,5
friend's wedding,5
arc de triomphe,5
stranded,5
insect,5
tropical resort,5
airplane accident,5
mongol,5
scary stories,5
director,5
mouse,5
dating app,5
ugliness,5
pixie,5
bedtime story,5
santa hat,5
reindeer,5
cop universe,5
hollywood,5
patricide,5
incredulous,5
iraq war,5
decapitation,5
9/11,5
romance scam,5
happy ending,5
christmas romance,5
feelgood,5
mariachi,5
el chapo,5
serie española,5
murder for hire,5
obstetrics,5
copenhagen,5
interpol agent,5
flying horse,5
consulate,5
southern culture,5
abandoned child,5
abusive alcoholic,5
naturalist,5
marsh,5
derogatory,5
meeting on the internet,5
death of parent,5
sex video,5
rare export,5
suriname,5
gigolo,5
stay-at-home dad,5
united states of america (usa),5
s.w.a.t.,5
hiking,5
sports comedy,5
college life,5
survivalist,5
office,5
oklahoma,5
dj,5
cannibal,5
date,5
christianity,5
sheep ranch,5
nightmares,5
mad scientist,5
valiant comics,5
nanotechnology,5
elite,5
communicating with the dead,5
internet,5
drunkenness,5
bee,5
south asian family,5
trial,5
lockdown,5
fast paced romance,5
past life,5
internship,5
"istanbul, turkey",5
korean army,5
social dynamics,5
ufo cult,5
lies,5
desertion,5
army base,5
military camp,5
pig,5
demonic,5
book editor,5
humiliation,5
food shortage,5
task force,5
phone call,5
street gang,5
seriously for ufo,5
female empowerment,5
wildfire,5
garage,5
college student,5
animal horror,5
bar mitzvah,5
jewish girl,5
mixed martial arts (mma),5
german occupation of france,5
friend,5
indonesia,5
classic cars,5
greek mythology,5
plastic surgery,5
evacuation,5
eroticism,5
talking cat,5
police drama,5
policial,5
secret prison,5
revenge thriller,5
extreme sports,5
argentina,5
post spanish civil war,5
british spy,5
straightforward,5
taipei,5
triads,5
chinese triad,5
national park,5
trend,5
female spy,5
car restoration,5
deportation,5
spoof,5
trapped in a game,5
anarchism,5
cigarette,5
puzzlement,5
maternity,5
family dynamics,5
erotique,4
reality,4
madness,4
murder victim,4
struggling life,4
rage,4
timeline,4
hooligan,4
power outage,4
man woman relationship,4
parallel stories,4
romantic triangle,4
mysterious death,4
whitechapel,4
corporate law,4
real life,4
emancipation,4
rival gang,4
coin,4
truck driver,4
pastor,4
alcohol,4
midwest,4
amateur film,4
dea agent,4
archetypes,4
beer pong,4
drug smuggling,4
micro budget,4
teen angst,4
remarriage,4
north sea,4
married life,4
company president,4
outbreak,4
surveillance specialist,4
dissociative identity disorder,4
comic book shop,4
inmate,4
invasion of privacy,4
leak,4
animal shelter,4
violent,4
k-pop,4
pharmaceuticals company,4
countryside,4
hooliganism,4
android,4
"shenyang, china",4
fashion magazine,4
fishing boat,4
mysterious man,4
alarm dispatch,4
desk work,4
nervous,4
emergency,4
cellular phone trace,4
cousin relationship,4
scam,4
ex special forces,4
venom,4
genetic experiment,4
ex-girlfriend,4
hippie lifestyle,4
father daughter conflict,4
miracles,4
radiation,4
poison,4
illegal drug,4
tribe,4
paradise,4
man,4
illegal website,4
cyber criminal,4
darknet,4
parents,4
"tokyo, japan",4
al qaeda,4
nonlinear timeline,4
real story,4
seven deadly sins,4
narration,4
family history,4
bank teller,4
bergamo,4
procedural,4
release from prison,4
bow and arrow,4
gun battle,4
florida,4
spider bite,4
lyrical,4
alternate universe,4
badlands,4
blindness,4
interdimensional travel,4
health,4
lives,4
quest,4
science documentary,4
sun,4
taliban,4
window,4
chicken,4
nuclear family,4
vlogger,4
briefcase,4
claymation,4
plasticine,4
swedish family,4
innocence,4
time,4
river,4
cultural difference,4
body horror,4
"rome, italy",4
mysterious woman,4
dark past,4
reporter,4
ghost hunting,4
magazine editor,4
theatre,4
hetrosexism,4
inheritance,4
monaco,4
highway of death,4
hidden agenda,4
fall from grace,4
"albuquerque, new mexico",4
brother against brother,4
crooked lawyer,4
moral conflict,4
college professor,4
chupacabra,4
mexican legend,4
sexual violence,4
blindfold,4
in-laws,4
troubled marriage,4
president,4
secret love,4
mystery killer,4
math genius,4
italian mafia,4
evil spirit,4
christmas time,4
australian story,4
police hunt,4
tinnitus,4
green zone,4
caravan,4
night shift,4
rio de janeiro,4
reunited friends,4
grim reaper,4
special power,4
political,4
political campaign,4
election,4
old man,4
criminal consultant,4
atomic bomb,4
grindhouse,4
twist,4
space research,4
metamorphosis,4
south korea,4
rv,4
shape shifter,4
fashion design,4
computer,4
science fantasy,4
impostor,4
photographic memory,4
man child,4
faith,4
election campaign,4
racer,4
mayor,4
quarterback,4
north korean defector,4
custody battle,4
paternity,4
snail,4
apprentice lawyer,4
suicide attempt,4
immortal,4
wisdom of soloman,4
grumpy man,4
bus accident,4
forced retirement,4
new neighbor,4
hetrosexuality,4
hetrosexual relationship,4
creatures,4
biohazard,4
veterinarian,4
dreaming of a girl,4
fresh city,4
coming out of habits,4
school of witchcraft,4
heart disease,4
fear of the dark,4
wrongfully accused,4
insulin,4
angel,4
socialite,4
psychometry,4
holidays,4
taunting,4
rock music,4
2070s,4
cursed town,4
mola ott,4
mentally disabled,4
futuristic society,4
canon,4
resurrection,4
substance abuse,4
modern-day thriller,4
fears,4
overcoming fears,4
unrequited love,4
flashbacks,4
traumatic past,4
female writer,4
paralegal,4
school shooting,4
magical creature,4
grifter,4
moses,4
santa's elves,4
insecure woman,4
wild life,4
reading a book,4
friends in love,4
ice hockey,4
detectives,4
long term relationship,4
sunken treasure,4
in love with best friend,4
streamer,4
police brutality,4
gold treasure,4
terrorist threat,4
bio terrorism,4
mi5,4
house swapping,4
mythical creature,4
waitress,4
west point,4
missing woman,4
silat,4
disease,4
freedom,4
violence in schools,4
1830s,4
young girl,4
nordic mythology,4
racial tension,4
buddhism,4
practical special effects,4
nordic folklore,4
lycanthrope,4
mythological beast,4
spanish,4
restaurant,4
sunken ship,4
traditional family,4
indian tribe,4
american west,4
pretending to be wife,4
secret government organization,4
pretend marriage,4
america,4
1850s,4
mormons,4
inventor,4
sorority sister,4
animal kingdom,4
high school romance,4
golf,4
grandfather grandson relationship,4
music competition,4
harsh,4
brawl,4
gladiator,4
bratva (russian mafia),4
medical procedural,4
religious,4
elasticity,4
roman,4
utah,4
elaborate ruse,4
prophecy,4
rich man,4
self-loathing,4
special ops,4
puppet,4
great britain,4
capture,4
puppeteer,4
vision of the future,4
waterfall,4
persona,4
mathematics,4
culinary arts,4
native american,4
inspector,4
direct,4
disguise,4
missing friend,4
identity,4
cosmetic surgery,4
masked vigilante,4
superhero teamup,4
crossover,4
catholic priest,4
french revolution,4
semi autobiographical,4
stabbing,4
wildlife,4
romance drama,4
custom car,4
didactic,4
controversy,4
car tuning,4
car modding,4
terrorist bombing,4
sword and sorcery,4
farcical,4
latin american history,4
district attorney,4
abusive father,4
snake,4
guinea pig,4
piranha,4
soulmates,4
trust,4
ex military,4
washington state,4
family trip,4
fired from a job,4
desire,4
automobile,4
bank heist,4
apathetic,4
nazi officer,4
contract relationship,4
hanging out,4
relationship problems,4
writer's block,4
carnage,4
depressed,4
rogue cop,4
penguin,4
jewish ghetto,4
african american history,4
abandoned house,4
history and legacy,4
synthetic drug,4
surgery,4
space exploration,4
sportsmanship,4
dallas cowboys,4
missing husband,4
alternate dimension,4
child abduction,4
pop culture,4
hotel owner,4
life and career,4
schoolteacher,4
estranged sister,4
mermaid,4
hypnosis,4
factual,4
iceberg,4
ocean liner,4
rich woman poor man,4
tragic love,4
lifeboat,4
star crossed lovers,4
author,4
ritual,4
"amsterdam, netherlands",4
blind man,4
sinking ship,4
misogynist,4
border,4
amazon rainforest,4
steerage,4
rich snob,4
jurassic world,4
allosaurus,4
chaos theory,4
detective comedy,4
christian,4
black cop,4
game night,4
prize money,4
concert,4
death of fiancé,4
therapist,4
road movie,4
time machine,4
old friends,4
get together,4
mistery,4
christian film,4
alaska,4
absent father,4
fire,4
paralysis,4
board games,4
holocaust (shoah),4
cabin crew,4
atatürk,4
football (soccer) stadium,4
satanism,4
mass shooting,4
ufo sighting,4
twisted love,4
drug rehabilitation,4
eyewitness account,4
"detroit, michigan",4
air force,4
ex-partner,4
dark side,4
samoa,4
cancer,4
liar,4
family reunion,4
snowman,4
family clan,4
controlling,4
sex trafficking,4
vietnam,4
missing brother,4
sisterhood,4
biological weapon,4
arbitrary law,4
comedy,4
first person account,4
handgun,4
heist gone wrong,4
fear of death,3
police operation,3
sex industry,3
banjo,3
transsexual,3
talking dog,3
chainsaw,3
raunchy,3
business woman,3
succession,3
harem,3
anne frank,3
arena,3
u.s. navy seal,3
opposites,3
"cusco, peru",3
animal documentary,3
insider trading,3
mount everest,3
turns into animal,3
discrimination,3
love polygon,3
croatia,3
absurdist,3
"atlanta, georgia",3
national basketball association (nba),3
stockbroker,3
veteran,3
hard,3
deadly game,3
quicksand,3
actress,3
soulcatcher,3
aspiring actress,3
business partner,3
"wyoming, usa",3
manipulative woman,3
weekend getaway,3
marital strife,3
black cinema,3
contentious relationship,3
business owner,3
zodiac killer,3
skepticism,3
killer clown,3
ramayana,3
"based on myths, legends or folklore",3
abandoned mine,3
ex husband,3
one-night stand,3
great white shark,3
shark attack,3
passion and romance,3
farm house,3
small village,3
testimony,3
cgi-live action hybrid,3
alien encounter,3
celebrity interview,3
old footage,3
photography,3
new orleans saints,3
clique,3
masturbation,3
convent (nunnery),3
jazz,3
philosophy,3
comedian,3
female sniper,3
gunman,3
hit by a car,3
donghua,3
white snake,3
shipwreck survivors,3
haunted ship,3
bomb vest,3
consequences,3
radical transformation,3
war documentary,3
football (soccer) fan,3
"naples, italy",3
"washington dc, usa",3
space mystery,3
science mystery,3
silent,3
moon base,3
searching for love,3
iraq war veteran,3
return,3
gadget,3
satellite,3
high school reunion,3
dimensional travel,3
female superhero,3
blues,3
space western,3
ambiguity,3
party,3
u.s. marshal,3
casino owner,3
booby trap,3
zombie animals,3
strategy game,3
vault,3
long distance relationship,3
overprotective father,3
migration,3
duck,3
alliance,3
teens,3
outlaw gang,3
quick draw,3
space kowboy,3
mexican border,3
statutory rape,3
prostitution,3
brain,3
sex crime,3
palm beach,3
cliffhanger,3
food documentary,3
greed,3
high school classmates,3
ibiza,3
soldiers,3
look-alike,3
evil nun,3
novice,3
psychotic break,3
nunhood,3
street shootout,3
former best friend,3
exploitation of friendship,3
new girl at school,3
teenage life,3
manipulative friend,3
female bully,3
teenage friendship,3
derisive,3
mocking,3
game developer,3
heroes,3
save the world,3
archeology,3
giant robot,3
romantic cinema,3
chaos,3
women's prison,3
manchuria western,3
european,3
cops and robbers ,3
rich vs poor,3
in time,3
homosexuality,3
repressed sexuality,3
hula hoop,3
mentor protégé relationship,3
homoeroticism,3
gender roles,3
gossip,3
math teacher,3
illinois,3
upstate new york,3
girls' school,3
soviet union,3
execution,3
gifted children,3
shared house,3
idol,3
chipmunk,3
killer robot,3
indigenous,3
lasagne,3
computer virus,3
demonic cult,3
video tapes,3
egocentrism,3
historical artifacts,3
engagement party,3
hedge fund,3
based on podcast,3
male egos,3
finance,3
erotic,3
power dynamics,3
facility,3
vhs,3
sex education,3
hindu mythology,3
film censorship,3
religious satire,3
2040s,3
birth,3
action packed,3
death of teacher,3
fine dining,3
sailing trip,3
riot,3
security,3
helicopter crash,3
us army,3
somalia,3
girls love,3
cowardliness,3
assault,3
22nd century,3
world war,3
missing dog,3
ambush,3
accusation,3
tourism,3
air traffic control,3
mental breakdown,3
storm,3
space station,3
witness to murder,3
wrath of god,3
polish mafia,3
forgiveness,3
immigrant,3
drug testing,3
wellness,3
legal immigrant,3
indonesian,3
retired assassin,3
west africa,3
warrior woman,3
murder case,3
corpse,3
making of,3
munchausen syndrome by proxy,3
school loner,3
cartoon elephant,3
crooked cop,3
suspended cop,3
stake out,3
folklore,3
porn industry,3
planet,3
"salzburg, austria",3
rogue spy,3
"seville, spain",3
motorcycle chase,3
airplane trip,3
drugged,3
boy genius,3
attraction,3
science fiction,3
protection,3
invention,3
"boston, massachusetts",3
malaysia,3
mh370,3
missing,3
forced to kill,3
self-referential,3
killing spree,3
temptation,3
foreign country,3
"bogota, colombia",3
bogotá,3
cell phone,3
insane asylum,3
counter-culture,3
alternative medicine,3
catatonic state,3
commuter train,3
new hollywood,3
illegal abortion,3
experimental therapy,3
soul seekers,3
beastiality,3
verona italy,3
graffiti,3
stakeout,3
break in,3
hidden room,3
architect,3
destruction,3
trilogia los crimenes del sur,3
tragic event,3
chun doo-hwan,3
film in film,3
korean american,3
parallel lives,3
pregnancy test,3
모범,3
가족,3
drug usage,3
it's morbin time,3
trap,3
ransom,3
mind control,3
pregnant,3
marital discord,3
heavy metal,3
film director,3
scrooge,3
animated remake,3
olympian sports team,3
corrupt agent,3
wizardry,3
role playing game,3
platonic love,3
runaway teen,3
books,3
childish love interest,3
tale,3
2030s,3
henchmen,3
materialism,3
iphone,3
death of daughter,3
hospice,3
religiosity,3
psychotic attack,3
political drama,3
political incompetence,3
ecological disaster,3
single parent,3
fame,3
reality vs fantasy,3
starlet,3
traumatic childhood,3
channel islands,3
isle of jersey,3
fictitious country,3
detective story,3
hippopotamus,3
zoo,3
lion,3
right to education,3
girl next door,3
elite unit,3
police training,3
police sergeant,3
first responders,3
special response teams,3
tactical command unit,3
grim,3
tech noir,3
amateur detective,3
home video,3
divorce lawyer,3
teenage daughter,3
computer screen,3
overprotective mother,3
screenlife,3
missing mother,3
"van nuys, california",3
slave,3
kidnapped,3
spiritedness,3
mute,3
hate to love,3
underage,3
female psychiatrist,3
murder of parents,3
giraffe,3
zebra,3
madagascar,3
lemur,3
"florence, italy",3
dictator,3
egypt,3
skyscraper,3
yale university,3
гей-певец,3
гей-кузен,3
женоподобный гей,3
лгбт,3
hopeless romantic,3
natural history,3
biology,3
ecology,3
environmentalism,3
marine life,3
bad smell,3
incest overtones,3
vindictive,3
american  way of life,3
life challenges,3
love interest,3
baseball stadium,3
symbolism,3
georgia,3
beating,3
candlelight vigil,3
walled city,3
sex offender,3
hunting human beings,3
convicted murderer,3
vixen,3
tatry,3
invaders,3
10th century,3
heirs,3
mother-in-law,3
conscience,3
search party,3
dog show,3
great dane,3
switzerland,3
girls' boarding school,3
maniac,3
chimpanzee,3
sleepwalking,3
recurring dream,3
sanitorium,3
swiss,3
entomologist,3
maggots,3
flies,3
service animal,3
fly,3
revenge murderer,3
genetic science,3
fertility clinic,3
fertility,3
crime doctor,3
infertility,3
drug mule,3
west bengal,3
vengeful spirit,3
northumbria,3
death of king,3
feud,3
crown,3
financial problem,3
intrigue,3
highlander,3
android horror,3
fighter,3
misfit,3
bank vault,3
camping trip,3
bus driver,3
recruiting,3
adultery,3
friends since college,3
bridge,3
tour bus,3
tour guide,3
hanoi,3
vietnamese new year,3
ho chi minh,3
"da nang, vietnam",3
injury,3
senescence,3
beach house,3
cemetery,3
cyborg,3
helicopter,3
expo,3
big family,3
burlesque,3
battle for power,3
conference,3
hip-hop,3
obsessive compulsive disorder (ocd),3
save the day,3
world of warcraft,3
guardian,3
strip club,3
chieftain,3
night club,3
female journalist,3
runner,3
drug overdose,3
french riviera,3
fictional language,3
archer,3
british soldier,3
clans,3
great wall of china,3
female general,3
sweeper,3
geologist,3
screwball comedy,3
horde,3
warcraft,3
series of murders,3
deputy sheriff,3
statesman,3
accident,3
park,3
messiah,3
high speed,3
complex relationship,3
machine gun,3
orcs,3
crime boss,3
archaeology,3
north korean,3
remote inn,3
black ops,3
difficult childhood,3
drone,3
schoolmarm,3
driver,3
bear attack,3
severed foot,3
bear,3
professional athlete,3
north korea,3
beauty contest,3
life after death,3
heaven,3
kraken,3
viral,3
emoji,3
native american reservation,3
house,3
rock star,3
demigod,3
bicycle race,3
basement,3
bicycle,3
past regrets,3
hearing impaired,3
south africa,3
home,3
held at gunpoint,3
arguing couple,3
half-brother,3
american,3
physical evidence,3
job interview,3
"ontario, canada",3
police interrogation,3
911 call,3
гей-нагота,3
political corruption,3
sex worker,3
off the grid,3
nebraska,3
investigative journalism,3
sword duel,3
chambara,3
diver,3
lottery,3
kickboxing,3
crooked politician,3
baseball player,3
religious fundamentalism,3
kyodai hero,3
ultraman,3
superhuman,3
bravery,3
young girl daughter,3
bite,3
masked killer,3
catfish,3
henshin heroes,3
defense attorney,3
fist fight,3
engineering,3
surgical interns,3
1620s,3
latin comedy,3
canton,3
health documentary,3
magic show,3
pretending to be gay,3
mage,3
dwarves,3
fictional world,3
gryphon,3
"madrid, spain",3
evil sorcerer,3
draining souls,3
musketeer,3
three musketeers,3
gun range,3
wrongful conviction,3
drug deal,3
quiz,3
sabotage,3
erotic thriller,3
anarchic comedy,3
policeman,3
early america,3
strategy,3
tong wars,3
estranged son,3
defense,3
love letter,3
inferiority complex,3
murder spree,3
murder charge,3
animal death,3
extortion,3
genetic mutation,3
kentucky,3
"st. louis, missouri",3
dog hero,3
czech republic,3
severed arm,3
"st. petersburg, russia",3
talisman,3
contest,3
housekeeper,3
stardom,3
social thriller,3
mammoth,3
eastern germany,3
sociopath,3
back from the dead,3
tomb,3
stasi,3
prom king,3
shakespeare in modern dress,3
fake dating,3
подруга-лесбиянка,3
лесбийская свадьба,3
сестра-лесбиянка,3
greek,3
"cape town, south africa",3
a arte de amar,3
microchip,3
war veteran,3
disapproving,3
birthday,3
buddha,3
doubtful,3
safe house,3
great plains,3
brisbane,3
law school,3
private investigator,3
mysterious disappearance,3
delivery boy,3
亡者之师,3
comanche,3
meteor crash,3
uninvited guest,3
活死人军团,3
social comedy,3
critically bashed,3
obsessive,3
casino heist,3
family legacy,3
secluded cabin,3
connecticut,3
death of family,3
ex spy,3
music teacher,3
ice skating,3
appalachian,2
elfpunk,2
futuristic,2
witness protection,2
chimp,2
hostility,2
credits cookie,2
dancing,2
outer space,2
operation,2
law student,2
idle rich,2
mythical fantasy,2
carnival,2
resilience of nature,2
mother son estrangement,2
brazilian folklore,2
appalachian mountains,2
bosque,2
male stripper,2
male stripping,2
strip tease,2
negative,2
porn production,2
us military,2
small town life,2
dancer,2
drug money,2
4th of july,2
drug gang,2
drug syndicate,2
homeless girl,2
first kiss,2
newspaper,2
swimming pool,2
adult filmmaking,2
headline,2
nightclub owner,2
music instrument,2
suspicion of murder,2
tarot cards,2
porn actress,2
drug stealing,2
tough girl,2
mysterious killer,2
naval aviation,2
brain capacity,2
alberta canada,2
tracking device,2
fake id,2
pharmaceutical lab,2
"bucharest, romania",2
secret past,2
manila philippines,2
tourist,2
high school life,2
website,2
creature comedy,2
false passport,2
fish,2
hillbilly,2
foreign holiday,2
anger management,2
creature feature,2
suburb,2
dying and death,2
14th century,2
accountability,2
post-traumatic stress disorder (ptsd),2
brothel,2
psychologist,2
sangre,2
phrogging,2
laptop,2
exploding house,2
rooftop,2
saboteur,2
tv commercial,2
heart warming,2
transatlantic,2
refugees,2
ohio,2
human brain,2
aircraft carrier,2
heroin,2
mentally handicapped man,2
optimistic,2
muay thai,2
assassination team,2
school project,2
aura,2
psychological manipulation,2
special agent,2
"pittsburgh, pennsylvania",2
wistful,2
professional assassin,2
village council,2
maryland,2
covert operation,2
ex soldier,2
pool,2
"sicily, italy",2
saber-toothed tiger,2
boogeyman,2
prima ballerina,2
triumph,2
easter bunny,2
teenage prostitute,2
ballet company,2
carnegie hall,2
artic,2
bias,2
fake news,2
fictionalized history,2
profile,2
space colony,2
battle royale,2
nuclear catastrophe,2
hazing,2
choreography,2
dorm room,2
call girl,2
cleaning lady,2
bickering,2
transplanted organ,2
film score,2
acapella,2
honor,2
one last job,2
bank job,2
pineal gland,2
brain tumor,2
jack frost,2
search for father,2
mysterious past,2
love at first sight,2
fake death,2
unknown father,2
child of divorce,2
sperm donor,2
founding fathers,2
buddy,2
sexual awakening,2
teddy bear,2
toy comes to life,2
wishes come true,2
social serial,2
athletes,2
training film,2
flirt,2
historical epic,2
nuclear submarine,2
sprinter,2
peer pressure,2
social pressure,2
pressure to perform,2
phone,2
champions,2
content creators,2
false promises of a better life,2
crime epic,2
boy and dog,2
archaeologist,2
sex tape,2
freezing,2
innocent in jail,2
rhythm and blues (r&b),2
shrine,2
spousal abuse,2
soul music,2
erased memory,2
silent film,2
unsolved murders,2
horse,2
boy,2
north dakota,2
grandson,2
death of son,2
daughter–in–law,2
cursed,2
shooting an animal,2
retired lawman,2
prime suspect,2
glock,2
transport of prisoners,2
insomniac,2
homicide detective,2
addiction recovery,2
boar,2
rent,2
starvation,2
stranger,2
finger gun,2
transport plane,2
alien attack,2
hope,2
onlyfans,2
doll factory,2
mature,2
film archives,2
hollywood star,2
corporation,2
antidote,2
getaway driver,2
radio transmission,2
child in peril,2
alien monster,2
newborn baby,2
grain silo,2
bison,2
treasury department,2
terrorist plot,2
hermit,2
nightlife,2
father son bond,2
numbers,2
sertanejo music,2
upper palaeolithic,2
master apprentice relationship,2
"marrakesh, morocco",2
weapons trafficking,2
b movie,2
attempted murder,2
science and nature,2
muslim,2
firefighter,2
post 9/11,2
brown bear,2
undercover detective,2
goose,2
warriors,2
institution,2
lobotomy,2
lesbian sex,2
mental institution,2
sexploitation,2
weasels,2
magical weapons,2
villainess,2
snuff film,2
handcuffs,2
short compilation,2
corporate lawyer,2
personal trainer,2
body image,2
diamond,2
quiet,2
gambling,2
personal data,2
silence,2
noise,2
dating websites,2
twister,2
distrust of police,2
"budapest, hungary",2
bodycam footage,2
fight for survival,2
patrol officer,2
rookie cop,2
female police officer,2
lawlessness,2
weight loss,2
sadist,2
unwanted pregnancy,2
1800s,2
fossil,2
volcanic island,2
newsreel footage,2
honesty,2
new zealand,2
airbnb,2
metoo,2
secret room,2
neanderthal,2
campus,2
environmental disaster,2
teenage crush,2
suspicion,2
prehistoric man,2
supermarket,2
fog,2
ponzi scheme,2
search and rescue,2
medical college,2
fasting,2
tales of arcadia,2
globetrotting,2
kids songs,2
high school graduation,2
sex offenders,2
interracial adoption,2
preserved at the eye film institute netherlands,2
one night,2
lookism,2
personal brand,2
delusional,2
compulsive liar,2
australian,2
woman,2
health scam,2
courier,2
adoptive mother,2
imprisonment,2
alabama,2
italian unification,2
idaho,2
school trip,2
tower of london,2
adolf hitler,2
romantic dramedy,2
ainu,2
1880s,2
mormon,2
imaginary,2
civil war veteran,2
rape and murder,2
voyage,2
talking to animals,2
biblical,2
other worldly,2
claustrophobic,2
end,2
wagon,2
indian attack,2
painting,2
state crimes,2
limousine,2
sandstorm,2
mayhem,2
bumper car,2
dune buggy,2
frontier,2
futbol club barcelona,2
vishwaksen,2
"venice, italy",2
hit,2
insecure,2
convoy,2
killing,2
self sacrifice,2
"berlin, germany",2
mountains,2
imagination,2
special skills,2
leaving home,2
cincinnati,2
charles manson,2
failing marriage,2
distur,2
criminally insane,2
killers,2
out of control,2
road battle,2
impending divorce,2
cointel pro,2
search for wife,2
paranoi,2
unofficial remake,2
vehicle breakdown,2
voiceover,2
olympics,2
international competition,2
disturb,2
mescaline,2
robbery operation,2
crime serial,2
how to,2
skills challenge,2
robber,2
house arrest,2
paranoid,2
paranoiac,2
florist,2
disturbing,2
mk ultra,2
disturbia,2
deep south,2
jobless,2
lawsuit,2
prison brutality,2
para,2
parano,2
patriarch,2
giant spider,2
giant insect,2
freed slave,2
dna,2
velociraptor,2
primal fear,2
reminiscent,2
weapons training,2
digestive system,2
pessimistic,2
mother daughter reunion,2
theme park,2
military unit,2
slave trade,2
showdown,2
the viral fever,2
returning hero,2
childhood,2
hell,2
amusement park,2
raptor,2
ex prostitute,2
underage marriage,2
underage bride,2
religious community,2
false prophet,2
human science,2
haute cuisine,2
mobile app,2
well-being,2
spiritual abuse,2
mosasaurus,2
love problems,2
tv host,2
kashmir,2
bomb remote detonator,2
motorcycle,2
countdown,2
plutonium,2
bento,2
hellgate,2
school massacre,2
fairy tale characters,2
crime fighter,2
transvestite,2
bees,2
killer bees,2
swarms,2
train crash,2
"mumbai (bombay), india",2
zealot,2
allegorical,2
brazilian cinema,2
dc extended universe (dceu),2
ottoman empire,2
forces of nature,2
mother nature,2
environmental documentary,2
grieving parents,2
amazon tribe,2
family in peril,2
crucifix,2
carandiru massacre,2
hopeless,2
twin,2
inspired by novel or book,2
past relationship,2
oj simpson,2
teenage angst,2
cosmopolitan,2
accidental marriage,2
affection,2
multiple stabbings,2
epidemic,2
copycat killer,2
lighthouse,2
pseudo,2
teachers and students,2
matter of life and death,2
polygamy,2
voetbal,2
angry mob,2
hitchhiker,2
psychological horror,2
phenomena,2
confession,2
runaway,2
pop singer,2
nomad,2
zero to hero,2
palestinian authority (pa),2
"indiana, usa",2
hamas palestinian militant,2
arab-israeli conflict,2
west bank,2
arab world,2
gaza strip,2
israeli defense force,2
palestinian-israeli conflict,2
house-sitting,2
bible thumper,2
israel,2
family life,2
privilege,2
family home,2
forensic archaeology,2
space shuttle,2
voyeurism,2
hacking,2
trapped in building,2
giant octopus,2
religious fanaticism,2
street children,2
mafia family,2
indonesian action,2
outnumbered,2
humankind,2
giant crab,2
experiment gone awry,2
special unit,2
liberation of prisoners,2
science fact,2
crocodile,2
abusive marriage,2
name change,2
physical abuse,2
hiding,2
violence against women,2
self-defense,2
"long island, new york",2
paramilitary organization,2
escaping abuse,2
bed and breakfast (b&b),2
domestic comedy,2
dinner,2
food critic,2
remote island,2
french cuisine,2
neural science,2
threatened woman,2
rich married couple,2
rebel,2
sperm bank,2
motorbike,2
theater play,2
tricks,2
conciliation,2
workplace romance,2
banker,2
villains,2
tv news anchor,2
controlling husband,2
breach,2
ghost shooter,2
killed,2
bacteria,2
shooter,2
gas,2
gone into hiding,2
vegas wedding,2
war on drugs,2
contender,2
home makeover,2
techno music,2
biographical documentary,2
okinawa,2
pacific war,2
woods,2
guadalcanal,2
iwo jima,2
pacific theater,2
paratrooper,2
modern warfare,2
military drama,2
closeted homosexual,2
salmon,2
fish farming,2
bloody,2
editor-in-chief,2
pickup truck,2
wall street,2
street race,2
thanksgiving,2
kitesurfing,2
intimacy,2
robot apocalypse,2
predator,2
babysitter,2
devotion,2
family traditions,2
change vs tradition,2
dna testing,2
spanish civil war (1936-39),2
boy band,2
parkinson's disease,2
parkinson,2
elena,2
atlantis,2
security guard,2
male homosexuality,2
stand-up,2
aspiring comedian,2
grandfather,2
handicapped,2
promise,2
cerebral palsy,2
home renovation,2
blindness and impaired vision,2
fashion journal,2
journalism,2
home improvement,2
secret passage,2
meaning of life,2
oklahoma city bombing,2
mecha,2
cyanide,2
friend murder,2
ufo conspiracy,2
student activism,2
shining,2
domestic terrorism,2
trekking,2
saade saati,2
looop lapeta,2
marine corps,2
mutter tochter,2
zoologist,2
yeti,2
aviation,2
foot,2
criminal trial,2
buddies,2
stalking victim,2
spycraft,2
vigilantism,2
interactive,2
bipolar disorder,2
illustrator,2
text messaging,2
physical deformity,2
music critic,2
children's author,2
unexpected romance,2
confess feelings,2
celebrity cameo,2
loss and grief,2
rapping,2
swinger club,2
camp cretaceous,2
meet the family,2
feral child,2
tarzan,2
police investigation,2
penthouse,2
multiple perspectives,2
sistine chapel,2
papal conclave,2
conclave,2
cardinal,2
arrow,2
alien abduction,2
experimental drug,2
rappers,2
human history,2
remorse,2
albert einstein,2
isis (daesh),2
super 8mm footage,2
aging,2
the great film club,2
irish mob,2
time warp,2
seclusion,2
eternal life,2
cartoon dog,2
brother sister ,2
intruder,2
overweight,2
convertible,2
gypsy music,2
gypsy girl,2
aspiring musician,2
gypsy culture,2
swing,2
massacres,2
skinning,2
gentrification,2
body mutilation,2
leatherface,2
music producer,2
petty criminal,2
rap,2
job entrant,2
bullied,2
bikies,2
graduation party,2
psychiatric nurse,2
psychiatric ward,2
internet scam,2
wwe,2
older woman seduces younger guy,2
new york state,2
pro wrestling,2
craigslist,2
sex scandal,2
edo period,2
socially awkward,2
uber,2
late coming of age,2
nude swimming,2
helicopter parenting,2
paratroops,2
baseball bat,2
overboard,2
north africa,2
kerstmis,2
"bangkok, thailand",2
brazil,2
valentine's day,2
exam,2
volo 3054,2
landlady tenant relationship,2
manipulated woman,2
hill,2
flight tam 3054,2
dyslexia,2
intellectually gifted,2
child custody,2
beating the odds,2
movie star,2
chelsea,2
giant lizard,2
drill instructor,2
gambling addiction,2
doll,2
libyan desert,2
punishment,2
military prison,2
tribal police,2
weapons dealer,2
heat,2
honduras,2
illegal immigration,2
alternate version,2
freight train,2
alter ego,2
shower,2
wild swimming,2
jekyll and hyde,2
teenage heroine,2
frankenstein,2
world record,2
mob action,2
mob boss,2
mob war,2
mob leader,2
fbi operation,2
swimming,2
custody hearing,2
learning disability,2
night school,2
jailbreak,2
original musical,2
ensemble cast,2
megaliths,2
indigenous customs,2
world hunger,2
song writing,2
music recording,2
controversial,2
followers,2
tv special,2
religious controversy,2
modern prophets,2
prophetic,2
pocket monsters,2
civilisations,2
fashion industry,2
art historian,2
dangerous mission,2
navajo,2
externally controlled action,2
racist,2
neurosurgeon,2
stereotype,2
brain surgery,2
race-conscious,2
historical revisionism,2
communication,2
dementia,2
history of mankind,2
historical reinterpretation,2
historical events,2
friends reunion,2
preschool,2
song recording,2
shapeshifting,2
st. patrick's day,2
stage show,2
dark undertone,2
indie animation,2
virtual game,2
homeless man,2
insubordination,2
computer programmer,2
high school drop out,2
drill sergeant,2
boxing ring,2
retiree,2
magic potion,2
racoon,2
ancient history,2
serie argentina,2
folk magic,2
snowstorm,2
shopping mall,2
corporate greed,2
retreat,2
team building,2
colleague,2
corporate retreat,2
work retreat,2
diamonds,2
"toronto, canada",2
bull,2
roman catholic church,2
apex predator,2
teen social issues,2
girl vs. shark,2
"memphis, tennessee",2
held captive,2
high school american football,2
sanfermines,2
satan,2
ulterior motive dating,2
social & cultural documentary,2
hammer,2
combat drone,2
alien object,2
pitbull,2
alien space craft,2
based on viral tiktok,2
brother-in-law,2
robot cop,2
hong kong,2
criminal gang,2
cine quinqui,2
cricket,2
animal rights,2
youtuber,2
eccentric,2
big cats,2
dogs,2
extreme weather,2
femicide,2
coupon,2
biyografi,2
iran–contra affair,2
girl vs shark,2
street riots,2
diet,2
martial law,2
glory days,2
catholic,2
rosario,2
aramaic,2
battle of the sexes,2
blow up,2
counterfeit,2
alien conspiracy,2
couponing,2
parade,2
sports personality,2
jesus christ,2
easter,2
swindle,2
elite forces,2
quarantine,2
drug use,2
expert opinion,2
loss of child,2
belgesel,2
arctic exploration,2
last supper,2
apostle,2
organ donation,2
floating city,2
chosen one,2
avalanche,2
relationship sabotage,2
wife murder,2
evil force,2
research laboratory,2
ghostbuster,2
knights templar,2
female cyborg,2
heart transplant,2
little boy,2
ancient artifact,2
animal control,2
transplant,2
pretend relationship,2
extraterrestrial,2
right wing,2
pet owner,2
land deed,2
cave,2
slave ship,2
shipping company,2
gunpowder,2
gunnm,2
con artist,2
1900s,2
ice road,2
greenland,2
crucifixion,2
realism,2
artifact,2
jewry,2
secret history,2
lavender marriage,2
nasa,2
child protagonist,2
sports car,2
roman empire,2
manitoba,2
arthurian mythology,2
mine explosion,2
suffering,2
truck,2
fidel castro,2
apnoe-diving,2
free diving,2
deep blue,2
che guevara,2
young boy,2
pyramid,2
cuba,2
scientific experiment,2
shark water,2
attack on civilians,2
passed over for promotion,2
fox,2
lost city,2
wedding dress,2
bet,2
lost civilization,2
satanic cult,2
live action,2
"frankfurt am main, germany",2
1300s,2
motor sport,2
race car driver,2
star showcase,2
american businesswoman,2
convicted,2
partnership,2
boxing trainer,2
spyware,2
racing driver,2
tv personality,2
retelling,2
boys club,2
famous people,2
woman in a man's world,2
museum,2
scandinavia,2
denmark,2
russia,2
mystery killings,2
poor rich girl,2
buried,2
stock price,2
advertising expert,2
concierge,2
space invasion,2
space flights,2
romantic thriller,2
behind enemy lines,2
new york knicks,2
exploding body,2
prodigy,2
captain,2
machinegun,2
police funeral,2
planted evidence,2
advice columnist,2
ukraine,2
reenactment,2
spaceflight,2
pact with the devil,2
best friend's wedding,2
black death,2
young love,2
creative director,2
son of the boss,2
human vs computer,2
cinematographer,2
fitting in,2
bantering relationship,2
career vs love,2
forty something,2
vintage fashion,2
public breakup,2
martha stewart,2
black love,2
dedication,2
ghost marriage,2
instant attraction,2
coastal town,2
escort girl,2
crime solving duo,2
ancient egypt,2
identical twins,2
trident,2
reconnect,2
crypto-currencies,2
ufology,2
danish,2
elon musk,2
blind,2
sin,2
steroids,2
women's magazine,2
homophobia,2
band,2
ancient language film,2
resistance fighter,1
shaving points,1
evil robot,1
prison warden,1
life after personal tragedy,1
federal penitentiary,1
doubts,1
prison guard,1
"harlem, new york city",1
friendship between women,1
passing for white,1
biotechnology,1
prisoner abuse,1
probation violation,1
hangover,1
ventriloquist's dummy,1
biohacker,1
political aspiration,1
overpopulation,1
wicked woman,1
flying,1
huntsman,1
smuggling (contraband),1
marine,1
trenches,1
american football coach,1
emergency landing,1
cat lover,1
musical comedy,1
f word,1
animal human friendship,1
ride along,1
real time,1
cats,1
animal psychology,1
bayou,1
"san diego, california",1
revenge motive,1
global threat,1
no man's land,1
public disgrace,1
rubble,1
pedophile priest,1
chocolate,1
syringe,1
taking responsibility,1
"casablanca, morocco",1
lobby,1
deceit,1
obssesive fan,1
buried treasure,1
bicycle cop,1
extinct animals,1
police academy,1
jock,1
nerd,1
meth lab,1
vietnam war,1
war trauma,1
war journalism,1
political documentary,1
canadian,1
lady in waiting,1
torso killer,1
mother daughter estrangement,1
richard cottingham,1
carbon neutrality,1
patent scam,1
war story,1
sharks,1
baba yaga,1
fictional government agency,1
mountaineer,1
social documentary,1
music festival,1
gone wrong,1
computer expert,1
art collector,1
nanga parbat,1
cho oyu,1
manaslu,1
mountaineering,1
k2,1
music concert,1
dog man friendship,1
rock musicians,1
party drugs,1
nigeria,1
cops,1
nigerian cinema,1
changing history,1
seeing the future,1
zazzou,1
nigéria,1
mogadishu,1
consequences of actions,1
evil,1
glasses,1
carbon trading,1
cat burglar,1
perseverance,1
center of the earth,1
robot companion,1
insurance scam,1
haiku,1
machete,1
valuable coins,1
poem,1
golden gate bridge,1
football game,1
magnetic field,1
music record,1
police informant,1
overpopulated world,1
relapse,1
narcissist,1
flying upside down,1
human made disaster,1
national transportation safety board,1
hotbox,1
perjury,1
world trade center,1
mobile,1
millennium,1
space adventure,1
left for dead,1
bad boss,1
mockumentary,1
shrimp,1
resort,1
cars,1
football (soccer) match,1
king arthur,1
planning,1
high rise,1
excalibur,1
abuser,1
cover-up,1
artistic rivalry,1
arctic polar circle region,1
intelligence agency,1
shore,1
forever,1
mutiny,1
burglar,1
time bomb,1
eel,1
octopus,1
tragic hero,1
person on fire,1
usa,1
battleship,1
father and daughter,1
naval,1
fictional war,1
rich girl,1
suburban gothic,1
drunk,1
donut,1
armored truck,1
donut shop,1
bar,1
flirty neighbor,1
haunted apartment,1
car thief,1
landscape architect,1
getaway,1
slave labor,1
polish history,1
pewex,1
political transformation,1
peril,1
bicycle courier,1
jewish american,1
irishman,1
mexican folklore,1
apartment complex,1
protector,1
magical object,1
scheme,1
gangsters,1
armada,1
sexual exploitation,1
difficult parents,1
right wing extremism,1
painful memories,1
older brother younger sister,1
family dog,1
return of son,1
worry,1
teenage son,1
blended family,1
stolen dog,1
past history,1
making amends,1
central america,1
based on board game,1
uss missouri,1
naval warfare,1
permission to marry,1
navy lieutenant,1
jet fighter pilot,1
joint chiefs of staff,1
communications expert,1
buoy,1
taser,1
adopted daughter,1
student protest,1
one day,1
mother's undying love,1
teaching,1
lost communication,1
jds myoko,1
british pub,1
question,1
nuclear power plant,1
nuclear accident,1
alien infection,1
dollar,1
donation,1
male model,1
female yakuza,1
"osaka, japan",1
gay sub-plot,1
train accident,1
katana sword,1
gay pornography,1
valóságshow,1
survive,1
final exam,1
ballet dancer,1
britain,1
london blitz,1
london,1
ww2,1
new mexican cinema,1
multiple storylines,1
unexpected death,1
high school band,1
dog fighting,1
homeless person,1
ghoulish,1
underground,1
emergency services,1
emotionally disturbed,1
gas station,1
torture chamber,1
investor,1
blade runner,1
monte carlo,1
psychic reading,1
hotel manager,1
hijacking,1
oceans rescue,1
submariner,1
animal rescue,1
pack,1
ethnic conflict,1
political repression,1
negotiator,1
lgbt parenting,1
authoritarian education,1
scholarship,1
spiritual medium,1
psychic medium,1
texan,1
medium,1
snow sculpture,1
slav,1
"kraków, poland",1
hairdresser,1
lassie,1
roof-top,1
collie dog,1
handshake,1
police inspector,1
teenage,1
roof,1
yorkshire,1
criticism and blame,1
english literature,1
gay interest,1
analyst,1
lecture,1
hologram,1
architecture,1
manager,1
confusion,1
gangster film,1
rain,1
graveyard shift,1
entity,1
morgue,1
rehabilitation,1
ninja warrior,1
messenger,1
rural life,1
new boss,1
radical honesty,1
job,1
secret intelligence service,1
dubai,1
jet,1
plane travel,1
turbulent flight,1
energy drink,1
nuclear threat,1
ceo,1
"moscow, russia",1
first class,1
death of mother,1
field agent,1
airport lounge,1
strange,1
odd,1
literature,1
family affairs,1
case file,1
urban gothic,1
armored car robbery,1
northeast india,1
sadistic psychopath,1
weather manipulation,1
fire engine,1
alarm clock,1
clown,1
crown prince,1
boy scouts,1
anarchy,1
balloon,1
story,1
maine,1
town history,1
mathematician,1
private lessons,1
janitor,1
squadron,1
lover,1
rwandan genocide,1
modern drama,1
ethical,1
neymar,1
grudge,1
missed flight,1
psycho,1
kremlin,1
pilot school,1
disavowed,1
space program,1
space comedy,1
sexual attraction,1
blonde,1
school party,1
space race,1
mentor,1
kimono,1
sumo,1
"kyoto, japan",1
1930s,1
student mentor relationship,1
loss of sister,1
loss of parents,1
authoritarian,1
afghanistan war (2001-2021),1
warfield,1
motel,1
niagara falls,1
pornographic video,1
jgm,1
porn actor,1
u.s. soldier,1
problem child,1
psychotherapy,1
treatment,1
lovesickness,1
training camp,1
battle assignment,1
geisha,1
buried alive,1
boarding house,1
neo-nazism,1
nuclear launch codes,1
symbol,1
"delhi, india",1
burj khalifa,1
scaling a building,1
misadventure,1
marriage crisis,1
decoy,1
arizona,1
last stand,1
detroit pistons,1
indiana pacers,1
crush,1
horse ranch,1
spell,1
mexican american border,1
revenge plot,1
metereologist,1
filmmaking,1
dysfunctional marriage,1
bullet wound,1
amulet,1
tidal wave,1
west germany,1
raw footage,1
iraq,1
potion,1
warlock,1
clandestine,1
dating relationship,1
pharoah,1
family holiday,1
frozen alive,1
coral reef,1
snowed in,1
schizophrenia,1
swimmer,1
football (soccer) player,1
shaolin,1
champion,1
stadium,1
steel helmet,1
military discharge,1
diamond heist,1
macho,1
typhoon,1
cataclysmic storm,1
new york public library,1
battalion,1
boss,1
polo match,1
cinderella story,1
street smarts,1
hooker,1
bubble bath,1
climatologist,1
sickness,1
stylized,1
mortality,1
treasure heist,1
makeshift family,1
sous chef,1
fire bombing,1
children in wartime,1
shotgun,1
greenhouse effect,1
tornado,1
hail,1
temperature drop,1
polar zone,1
barrier ice,1
auto-tuning,1
ice melting,1
second-hand market,1
flooding,1
united nations,1
vacation gone wrong,1
secret experiment,1
medical experiment,1
human experiment,1
secluded beach,1
time-manipulation,1
shopping spree,1
italian opera,1
business deal,1
social differences,1
grandmother's birthday,1
bewildered,1
fake fiancé,1
tyrannical boss,1
publishing house,1
green card,1
immigration law,1
bulletproof car,1
modified vehicle,1
precision,1
crazy woman,1
jetski,1
rules,1
narcotics,1
marital separation,1
lethal virus,1
audi,1
chauffeur,1
roommate issues,1
dysfunctional relationship,1
recovery,1
sobriety,1
recovering alcoholic,1
hunt,1
excavation,1
child molester,1
mass casualties,1
pygmalion,1
fire escape,1
expensive restaurant,1
global catastrophe,1
climate science,1
climate crisis,1
superstorm,1
torrential rain,1
discovery kids,1
cartoon pig,1
deja vu,1
underage prostitution ring,1
restart,1
military officer,1
war hero,1
exoskeleton,1
scathing,1
ramses,1
harvey weinstein,1
criminal justice system,1
child sex trafficking,1
child prostitution,1
bisexuality,1
another dimension,1
turned 40,1
road thriller,1
horrific crime,1
older sister younger brother,1
unstoppable,1
art theft,1
suicidal,1
puerto rico,1
terrorized,1
fight for life,1
nickname,1
edge-of-your-seat,1
sock,1
locked in bathroom,1
bathroom,1
dual identity,1
bachelor party,1
military veteran,1
stag night,1
malibu,1
sarcasm,1
gundam,1
drag queen,1
memories,1
anorexia,1
murderous intentions,1
retribution,1
swordswoman,1
threat,1
killer daughter,1
young abducted girl,1
trailer,1
diner,1
crawlspace,1
alligator,1
holding breath under water,1
satanic ritual,1
youtube,1
lake,1
black monday,1
fame-seeking,1
financial market,1
desire for fame,1
sharemarket fraud,1
corrupt,1
decadence,1
hedonism,1
stripping,1
aggression,1
wealthy,1
rise and fall,1
arson,1
vaping,1
unfinished business,1
mischief,1
ghost child,1
oil industry,1
team sports,1
married,1
egg,1
bird hatching,1
family tragedy,1
fascism,1
government,1
celibacy,1
lebanon,1
power takeover,1
adversary,1
secret formula,1
baccarat,1
compulsive gambling,1
underground facility,1
sports gambling,1
impersonation fraud,1
online gambling,1
dying father,1
luxury liner,1
hospice care,1
objective,1
oil platform,1
falcon,1
children's home,1
police arrest,1
mischievous children,1
disorder,1
psychiatry,1
pablo escobar,1
spirituality,1
troubled childhood,1
horror parody,1
horror spoof,1
written by star,1
grandmother granddaughter relationship,1
reckless driving,1
wales,1
on the road,1
moving to a city,1
interviews,1
hand drawn animation,1
amateur footage,1
mind possession,1
magic world,1
courage,1
reclusive,1
evolving,1
counselor,1
support group,1
guns and weapons,1
atlanta,1
isekai,1
enviromental,1
calamity,1
door,1
war dog,1
purple heart,1
german shepherd,1
political party,1
political satire,1
elections,1
real estate broker,1
"milan, italy",1
modeling,1
kgb,1
prime minister,1
korea president,1
uncle niece relationship,1
homicide investigation,1
psychological detective,1
psychological profiling,1
superhuman abilities,1
loss of mother,1
twins separated at birth,1
corrupt church,1
getaway car,1
family surviving alone,1
summons,1
revitalization,1
sexual humor,1
clothing store,1
coffin,1
undertaker,1
sniper rifle,1
military service,1
grave digging,1
shamanism,1
football (soccer) team,1
newspaper reporter,1
pastiche,1
historical comedy,1
women empowerment,1
coffee shop,1
postman,1
letter,1
immunity,1
city ruin,1
single man,1
infection,1
resistance,1
gay romance,1
islamic terrorism,1
luxury hotel,1
anti abortion,1
christian faith,1
historical reenactment,1
luxury,1
qin dynasty,1
exclusion,1
coney island,1
prejudice,1
physical disability,1
treacher collins syndrome,1
life insurance,1
high school sports,1
school club,1
bukatsu,1
jealous of someone's success,1
popular girl,1
death of sister,1
evil tyrant,1
lego,1
good cop bad cop,1
anti villain,1
part live action,1
robot fighting,1
father son reunion,1
prizefight,1
transhumanism,1
implant,1
quadriplegic,1
man hunt,1
pro life,1
abortion clinic,1
foster care,1
religious film,1
evangelical christianity,1
conservative,1
triple role,1
pop rock,1
"anchorage, alaska",1
hunting,1
pole dancer,1
body enhancement,1
ancient greece,1
blackmail victim,1
former gangster,1
underbelly,1
generation gap,1
blackout,1
used car salesman,1
choreographer,1
microship,1
terracotta army,1
black magic,1
steampunk,1
narration from grave,1
deal,1
michigan,1
college american football,1
ncaa,1
love child,1
tanks,1
european theatre,1
enclosed space,1
tank battle,1
hatred,1
ex-husband ex-wife relationship,1
high school friends,1
slacker,1
uncharted,1
scientific study,1
pet ownership,1
animal behaviour,1
social behavior,1
horror-adjacent,1
twisted,1
hispanic,1
ambulance,1
officer involved shooting,1
police helicopter,1
french president,1
french politics,1
presidential candidate,1
stock market,1
purge,1
sword and planet,1
reddit,1
gamestop,1
internet personality,1
manipulative relationship,1
finance trading,1
stock swindle,1
stockholder,1
investing,1
"securities, stocks and bonds ",1
stock car racing,1
manipulation of the media,1
queen anne,1
drop disease,1
war of the spanish succession,1
jinn,1
aristocracy,1
duchess,1
rabbit,1
presidential election,1
nascar,1
rumbera,1
rape and revenge,1
monolith,1
holiday horror,1
army,1
empire,1
injustice,1
crisis,1
exodus,1
venezuela,1
sailboat,1
sailing,1
intervention,1
lying,1
expert,1
adult son,1
boat salesman,1
artificial insemination,1
fried chicken,1
lost daughter,1
secret admirer,1
mental disorders,1
pyrokinesis,1
psychic powers,1
other dimension,1
reanimated corpse,1
super strength,1
sand,1
spice,1
hallucinogen,1
activist,1
teen slasher,1
revenge horror,1
stalked by a killer,1
revenge slasher,1
black friday,1
consumerism,1
plymouth,1
убийство,1
силезия,1
silesia,1
indian stories,1
treason,1
indian woman,1
female convict,1
giant creature,1
sand dune,1
space opera,1
giant worm,1
knife fight,1
water shortage,1
premonition,1
baron,1
sheriff's daughter,1
birthday party,1
book of the dead,1
ruins,1
altar,1
maya civilization,1
law enforcement,1
torturing police,1
slum,1
sidekick,1
based on twitter thread,1
hermit crab,1
police department,1
tree,1
partner,1
mask,1
public murder,1
crime spree,1
dancing girls,1
dancers,1
burlesque dancer,1
jerusalem,1
movie fan,1
model student,1
caper,1
baseball,1
little league,1
water monster,1
eaten by animal,1
small business,1
cave diving,1
pre-school,1
laid off,1
child care,1
unemployment,1
kindergarten,1
success,1
uncle,1
word domination,1
bodyguard,1
lovers,1
pearls,1
merpeople,1
overweight woman,1
korean war (1950-53),1
mysterious object,1
rat,1
rubin,1
girlfriend,1
meteorologist,1
doctor who spinoff,1
ivf treatment,1
outsider,1
pga tour,1
waco siege,1
waco texas,1
siege,1
mockery,1
suburbian idyll,1
threat of death,1
vegetarian,1
mission of murder,1
gnome,1
labor,1
inheritance fight,1
fruit,1
electronic music,1
mirage,1
flute,1
saxophone,1
cloud,1
guitar,1
country music,1
town,1
durian,1
gay couple,1
inspiring story,1
portrait of an artist,1
sentai,1
aging superhero,1
anniversary,1
garbage,1
entrapment,1
garden,1
emergency medicine,1
based on real events,1
gang war,1
perfume,1
fish market,1
lavender,1
nose,1
lone wolf,1
genius,1
orgy,1
introvert,1
bergen norway,1
grizzly bear,1
norwegian resistance,1
male chauvinist,1
advertising agency,1
advertising,1
purgatory,1
womanizer,1
role reversal,1
influence,1
paralyzed,1
cartoon turtle,1
househusband,1
cooperation,1
chameleon,1
feminism,1
hamptons,1
high society,1
invisible man,1
woman in peril,1
mental hospital,1
fake suicide,1
international crime,1
imaginary friend,1
factory worker,1
tennis,1
drum kit,1
drum,1
wealth inequality,1
health inequality,1
late stage capitalism,1
class conflict,1
flower shop,1
beehive,1
bee sting,1
implied bestiality,1
cartoon bee,1
india pakistan border,1
hubble,1
empowerment,1
bag of money,1
jew persecution,1
country house,1
nile,1
foreign legion,1
solar eclipse,1
cairo,1
fire brigade,1
huang feihong,1
wu shu,1
paris suburb,1
taxi ride,1
federal prosecutor,1
cabbie,1
contract killer,1
professional hit,1
self-fulfilling prophecy,1
taxi,1
entrapped,1
dating competition,1
boy girl relationship,1
police search,1
depressed mom,1
life changing,1
recluse,1
escaped convict,1
toaster,1
smoking,1
cynicism,1
night vision,1
dance competition,1
pepsi,1
sweepstakes,1
fighter jet,1
vasaloppet,1
cross-country skiing,1
authoritarianism,1
student debt,1
food delivery,1
criminal record,1
credit card fraud,1
lie detection,1
domestic life,1
death cult,1
lunatic,1
dinner party,1
lantern,1
financial fraud,1
financier,1
middle class parents,1
union of myanmar (burma),1
human prey,1
criminal past,1
future war,1
hussite wars (1419-1434),1
distant future,1
riding a bicycle,1
secret tunnel,1
new recruit,1
"hamburg, germany",1
high technology,1
"juárez, mexico",1
jury,1
jury tampering,1
arms industry,1
trial lawyer,1
foster family,1
gun death,1
super soldier,1
jury consultant,1
reading people,1
trial science,1
jury selection,1
wrongful death case,1
sequestered jury,1
firearms / gun manufacturer,1
texas ranger,1
truck stop,1
ski racing,1
masked superhero,1
unfinished,1
psychosis,1
egyptian history,1
egyptian tomb,1
egyptian mythology,1
home & garden,1
trainer,1
human robot,1
human–computer interaction,1
dangerous projects,1
heritage,1
family establishment,1
camp,1
mafia boss,1
manor,1
underwater world,1
man vs nature,1
shipwrecked,1
sick child,1
alien race,1
underwater life,1
oceans,1
southern ocean,1
artic ocean,1
sock puppet,1
grade school,1
pyramide,1
double cross,1
cabin,1
hidden cache,1
television history,1
americana,1
muscleman,1
cells,1
"newark, new jersey",1
oceanic expedition,1
expedition,1
underwater photography,1
brain cancer,1
unlucky,1
novelist,1
fate,1
pacific  ocean,1
indian ocean,1
trapped in burning building,1
world's tallest building,1
pearl,1
security system,1
high tech,1
branded gang,1
old west legend,1
hell unleashed,1
headstrong son,1
principal,1
comic book,1
underwear,1
illusion,1
sports scandal,1
doping,1
escaped animal,1
monster island,1
prehistoric creature,1
wild animal,1
crayon,1
moose,1
mysterious box,1
crush on friend,1
animator,1
college dropout,1
papercut animation,1
living with sibling,1
medical school,1
job promotion,1
"dublin, ireland",1
cousin,1
life-saver,1
lifeguard,1
rookie,1
ironic,1
ufo disclosure series,1
medical scandal,1
solicitor,1
law office,1
old photograph,1
illusionist,1
space photography,1
space telescope,1
radio telescope engineering,1
travel documentary,1
deep space,1
mechanical engineering,1
telescope,1
galaxy,1
downfall,1
cult leader,1
cultural icon,1
tongue in cheek,1
rock-and-roll,1
food manufacturing plant,1
synthetic food,1
food safety,1
food culture,1
food reviews,1
food chain,1
crime against humanity,1
food poisoning,1
athletics,1
small town sheriff,1
korean war veteran,1
sports injury,1
desolate wilderness,1
miniature people,1
delayed flight,1
mushroom,1
obstacles,1
criminal empire,1
mossad,1
old age,1
fading memories,1
caregiver patient relationship,1
caregiving,1
elderly man,1
alzheimer's disease,1
flat,1
loss of sense of reality,1
caught in the act,1
longtime friends,1
wife cheating on husband,1
business partners,1
affair,1
secret investigation,1
electric car,1
engine,1
tiny home,1
السنافر,1
scenic,1
time portal,1
cellar,1
argentine,1
concert footage,1
warlord,1
wasteland,1
tyrant,1
tyranny,1
whale,1
whaling,1
rock climbing,1
archaeological expedition,1
valley,1
climbing,1
whaling ship,1
whale oil,1
nantucket,1
fixer,1
giant ape,1
king kong,1
argument,1
holiday season,1
hopelessness,1
dilemma,1
celebrities,1
ronin,1
qanon,1
mini cooper,1
fiancé fiancée relationship,1
spring break,1
army general,1
pervert,1
golden years,1
baby boomer,1
blind dating,1
looking for love,1
adult singles,1
dating coach,1
docuseries,1
music piracy,1
journey in the past,1
job hunting,1
carpenter,1
corporate,1
genetic memory,1
corporate conspiracy,1
parkour,1
psycho killer,1
half breed,1
shogun,1
engaged couple,1
imminent wedding,1
moving,1
tribal people,1
cancel culture,1
anti vaccination,1
healing gift,1
personal growth,1
child cancer,1
imperfection,1
self image,1
repressed trauma,1
abusive relationship,1
oppression,1
mystical character,1
death of grandmother,1
british oppression,1
chain of command,1
french army,1
insurance salesman,1
mississippi,1
divorced parents,1
elvis impersonator,1
barbecue (bbq),1
seventies,1
"boca raton, florida",1
wrongly accused,1
