show_title,cumulative_weeks_in_top_10
"Yo soy Betty, la fea",30
Squid Game,29
Café con aroma de mujer,28
Manifest,25
All Quiet on the Western Front,23
Bridgerton,22
Alchemy of Souls,21
Under Paris,21
The Super Mario Bros. Movie,21
Extraordinary Attorney Woo,21
Wednesday,20
The Boss Baby,20
Stranger Things,19
RRR (Hindi),18
Through My Window,18
Despicable Me 2,18
The Night Agent,16
Hometown Cha-Cha-Cha,16
Blood Red Sky,16
The Queen of Flow,16
Sing,16
Carinha de Anjo,15
Queen of Tears,15
La Reina del Sur,15
Nowhere,15
Red Notice,14
Minions,14
Maid,14
Money Heist,14
The Glory,13
Ozark,13
Sing 2,13
"Newly Rich, Newly Poor",13
The Marked Heart,13
Business Proposal,13
Sonic the Hedgehog,12
Shrek,12
Society of the Snow,12
DAN DA DAN,12
Dr. Seuss' The Grinch,12
The Lincoln Lawyer,12
Firefly Lane,11
Ms. Rachel,11
Minions: The Rise of Gru,11
Crash Course in Romance,11
King the Land,11
All of Us Are Dead,11
Love Next Door,11
Paw Patrol: The Movie,11
My Demon,11
Troll,11
The Croods,11
Little Women,11
Queen Charlotte: A Bridgerton Story,10
You,10
Sex/Life,10
Twenty Five Twenty One,10
Demon Slayer: Kimetsu no Yaiba,10
Miss Night and Day,10
Wrong Side of the Tracks,10
The Gentlemen,10
The King's Affection,10
Carrossel,10
Counterattack,10
Chiquititas,10
Inventing Anna,10
SAKAMOTO DAYS,10
Leo,10
Dear Child,9
Lost Bullet,9
Despicable Me 3,9
Despicable Me,9
Despicable Me 4,9
Doctor Slump,9
When Life Gives You Tangerines,9
Alice in Borderland,9
My Name Is Vendetta,9
Cobra Kai,9
Outer Banks,9
Arcane,9
Black Crab,9
Our Blues,9
The Secret Life of Pets 2,9
The Secret Life of Pets,9
Strong Girl Nam-soon,9
Family Pack,9
Destined with You,8
Pasión de Gavilanes,8
Adolescence,8
Fake Profile,8
Under the Queen's Umbrella,8
Emily in Paris,8
ONE PIECE,8
The Crown,8
Forgotten Love,8
Baby Reindeer,8
The Wages of Fear,8
When the Phone Rings,8
Rurouni Kenshin: The Beginning,8
Don't Look Up,8
Vikings: Valhalla,8
Welcome to Samdal-ri,8
Virgin River,8
The Takedown,8
The Recruit,8
Young Lady and Gentleman,8
The Tearsmith,8
My Life With the Walter Boys,8
The Empress,8
Fool Me Once,8
Carry-On,8
The Children's Train,8
Our Beloved Summer,8
The Witcher,8
The Cook of Castamar,8
Lupin,8
The Adam Project,8
Forecasting Love and Weather,8
Romance in the House,7
3 Body Problem,7
Juvenile Justice,7
A Beautiful Life,7
Monsters,7
Hospital Playlist,7
Paradise,7
Love Is Blind,7
Doctor Cha,7
Kill Boksoon,7
In Good Hands,7
Glass Onion: A Knives Out Mystery,7
The Sea Beast,7
Berlin,7
"Nevertheless,",7
Ginny & Georgia,7
Maharaja,7
The Sandman,7
Back to the Outback,7
Gemini Man,7
My Happy Marriage,7
Major Grom: Plague Doctor,7
The Good Bad Mother,7
Loving Adults,7
The Accident,7
Trolls,7
The Atypical Family,7
One Day,7
The Christmas Chronicles,7
True Beauty,7
Hotel Transylvania 3: Summer Vacation,7
The Abyss,7
How the Grinch Stole Christmas,7
Falling for Christmas,7
Extraction 2,7
Welcome to Eden,7
Vivo,7
Back in Action,7
Another Self,7
Fatal Seduction,6
Damsel,6
Supacell,6
Physical: 100,6
Spoiled Brats,6
Hotel Transylvania 2,6
Weak Hero,6
Culinary Class Wars,6
Alba,6
Desperate Lies,6
AKA,6
Prison Break,6
Purple Hearts,6
Hustle,6
Hunger,6
Dynasty,6
Roald Dahl's Matilda The Musical,6
"XO, Kitty",6
Rebel Ridge,6
Sex Education,6
Senior Year,6
Reborn Rich,6
Raising Voices,6
Vicky and Her Mystery,6
The Claus Family,6
CoComelon Lane,6
The Asunta Case,6
CoComelon,6
Clickbait,6
Lucky Baskhar,6
Home,6
The Unbroken Voice,6
The Good Doctor,6
Nobody Wants This,6
Gangubai Kathiawadi,6
Castaway Diva,6
The Gray Man,6
The Five Juanas,6
Cassandra,6
The Forgotten Battle,6
Obliterated,6
Avatar The Last Airbender,6
High Heat,6
The Madness,6
Baki Hanma,6
The Surrogacy,6
Furies,6
The Man from Toronto,6
The Snitch Cartel: Origins,6
Beckham,6
Beauty in Black,6
The Last Mercenary,6
The Life List,6
New Amsterdam,6
The Union,6
Good Girls,6
Griselda,6
The Mother,6
Mr. Queen,6
The Perfect Couple,6
Black Doves,6
Young Sheldon,6
Zero Day,6
You Are So Not Invited to My Bat Mitzvah,5
Jigra,5
Wish Dragon,5
Woman of the Dead,5
A Boy Called Christmas,5
Jack Reacher: Never Go Back,5
A Family Affair,5
Xtreme,5
Woody Woodpecker Goes to Camp,5
A Man on the Inside,5
Where the Crawdads Sing,5
Elite,5
Senna,5
See You in My 19th Life,5
Mother of the Bride,5
Gyeongseong Creature,5
Grudge,5
Mimi,5
Money Heist: Korea - Joint Economic Area,5
Mission: Cross,5
Black Mirror,5
The Platform 2,5
Shrek 2,5
Shooter,5
Shadow and Bone,5
Ragnarok,5
Leave the World Behind,5
La Palma,5
Bloodshot,5
Bloodhounds,5
Murder Mystery 2,5
Godzilla Minus One,5
God's Crooked Lines,5
The Perfect Family,5
We Have a Ghost,5
A Perfect Story,5
A Perfect Pairing,5
Queens on the Run,5
Diary of a Gigolo,5
Simone Biles Rising,5
Ad Vitam,5
Let Go,5
Delicious in Dungeon,5
How To Make Millions Before Grandma Dies,5
Lift,5
Beyond the Universe,5
Me Time,5
My Little Pony: A New Generation,5
The Manny,5
Uncharted,5
All American,5
Faithfully Yours,5
FUBAR,5
Sooryavanshi,5
All the Light We Cannot See,5
Locke & Key,5
Fate: The Winx Saga,5
Perfect Match,5
Peaky Blinders,5
Dark Desire,5
The Tinder Swindler,5
The Tailor,5
Ballerina,5
The Unforgivable,5
Bullet Train,5
Breathless,5
Never Have I Ever,5
Narco-Saints,5
My Name,5
Squid Game: The Challenge,5
Sweet Tooth,5
Sweet Magnolias,5
Painkiller,5
Pact of Silence,5
American Nightmare,5
American Murder: Laci Peterson,5
Bad Dinosaurs,5
The Trauma Code: Heroes on Call,5
Make Me Believe,5
The Last Kingdom,5
Burning Body,5
Love Tactics,5
Love Hard,5
How I Fell in Love with a Gangster,5
PIECES OF HER,5
The 8 Show,5
That Christmas,5
"Thank You, Next",5
Our Little Secret,5
Confessions of an Invisible Girl,5
Colors of Evil: Red,5
Anatomy of a Scandal,5
The Great Indian Kapil Show,5
Noah,5
Gangs of Galicia,5
The Umbrella Academy,5
Tokyo Swindlers,5
Tin & Tina,5
Trouble,5
Trolls Band Together,5
The Chestnut Man,5
The Brothers Sun,5
From Scratch,5
Friendzone,5
Lucifer,5
Through My Window 3: Looking at You,5
Thirty-Nine,5
The Diplomat,5
Heart of Stone,5
BEEF,5
The Whole Truth,5
The Watcher,5
Luther: The Fallen Sun,5
The Gardener,5
"El Rey, Vicente Fernández",5
Restless,5
Running Point,5
Resident Playbook,5
Resident Alien,5
Reptile,5
1899,5
Incantation,5
Worst Ex Ever,4
Just Go With It,4
Inheritance,4
KAOS,4
13 Hours: The Secret Soldiers of Benghazi,4
20th Century Girl,4
You Do You,4
You People,4
Your Place or Mine,4
Yu Yu Hakusho,4
Zom 100: Bucket List of the Dead,4
365 Days: This Day,4
Missing You,4
The Pirates: The Last Royal Treasure,4
Who Were We Running From?,4
Who is Erin Carter?,4
Wingwomen,4
Remarriage & Desires,4
Dubai Bling,4
Resort to Love,4
Echoes,4
El infierno,4
Intimacy,4
World War II: From the Frontlines,4
Celebrity,4
Chicken Run: Dawn of the Nugget,4
The Glass Dome,4
Hit & Run,4
Madame Web,4
Atlas,4
The Woman in the House Across the Street from the Girl in the Window,4
Hellbound,4
Maharaj,4
The Curse of Bridge Hollow,4
The Deliverance,4
Chickenhare and the Hamster of Darkness,4
Chor Nikal Ke Bhaga,4
Chupa,4
The Electric State,4
Number 24,4
Army of Thieves,4
Thursday's Widows,4
Honeymoon with My Mother,4
"Love, Divided",4
Lucca's World,4
Luckiest Girl Alive,4
Hidden Strike,4
Hierarchy,4
Officer Black Belt,4
One Hundred Years of Solitude,4
The Cage,4
The Chalk Line,4
American Primeval,4
Titanic,4
The Ultimatum: Marry or Move On,4
The Uncanny Counter,4
Ganglands,4
Geek Girl,4
No Pressure,4
The Good Nurse,4
Captivating the King,4
Carter,4
The Great Seduction,4
The Guilty,4
The Equalizer 3,4
The Fall of the House of Usher,4
Anonymously Yours,4
Anthracite,4
Too Hot to Handle,4
The Åre Murders,4
The Christmas Chronicles: Part Two,4
The Bad Guys,4
Cold Pursuit,4
The Breakthrough,4
Orion and the Dark,4
Out of my league,4
Crew,4
PAW Patrol: The Mighty Movie,4
PULSE,4
House of Ninjas,4
How It Ends,4
Lost in Space,4
Love Is Blind: UK,4
Toscana,4
Trigger Warning,4
Triptych,4
American Assassin,4
The In Between,4
Burning Betrayal,4
The Killer,4
The Lady's Companion,4
Nimona,4
No Good Deed,4
No Limit,4
Furioza,4
Gabby's Dollhouse,4
Man on Fire,4
The Trip,4
American Murder: Gabby Petito,4
Pain Hustlers,4
Parasyte: The Grey,4
Suits,4
Criminal Code,4
Crooks,4
Cyberpunk: Edgerunners,4
Sweet Girl,4
Stay Close,4
Narcos: Mexico,4
Narvik,4
The Stronghold,4
Badland Hunters,4
Bandidos,4
The Tourist,4
The Seven Deadly Sins,4
Dangerous Liaisons,4
Darlings,4
Stuck Together,4
Pedro el escamoso,4
Fast & Furious Presents: Hobbs & Shaw,4
Lonely Planet,4
Lost Bullet 2,4
Turbo,4
Amaran,4
Twilight,4
Uglies,4
Hot Wheels Let's Race,4
Phir Aayi Hasseen Dillruba,4
Day Shift,4
Dead to Me,4
Deceitful Love,4
Squad 36,4
Plankton: The Movie,4
F*ck Love Too,4
All Hail,4
Unlocked,4
My Liberation Notes,4
The Shadow Strays,4
The Signal,4
Beauty and the Beast,4
Behind Your Touch,4
The Six Triple Eight,4
Mask Girl,4
Medusa,4
Harry & Meghan,4
Haseen Dillruba,4
Midnight Mass,4
Beverly Hills Cop: Axel F,4
Unlocked: A Jail Experiment,4
Life on Our Planet,4
Family Switch,4
Slumberland,4
Demon City,4
Someone Borrowed,4
Uprising,4
Valeria,4
Vanished into the Night,4
Venom,4
Venom: Let There Be Carnage,4
AMERICA'S SWEETHEARTS: Dallas Cowboys Cheerleaders,4
Viking Wolf,4
Sisters' Feud,4
Sixty Minutes,4
Envious,4
Eric,4
Queenmaker,4
Kingdom: Ashin of the North,4
Kraven the Hunter,4
A Time Called You,4
Mother's Day,4
Blame the Game,4
Blood & Gold,4
The Noel Diary,4
The Out-Laws,4
The Pale Blue Eye,4
Glass,4
Gold Brick,4
Murder Mystery,4
Bodies,4
Laal Singh Chaddha,4
Raising Dion,4
Ransom Canyon,4
Do Patti,4
Shahmaran,4
Shaitaan,4
Shehzada,4
Shiny_Flakes: The Teenage Drug Lord,4
Sikandar Ka Muqaddar,4
Don't Move,4
Bird Box Barcelona,4
The Potato Lab,4
Bhool Bhulaiyaa 2,4
The Residence,4
The School for Good and Evil,4
The Secret Diary of an Exchange Student,4
Minnal Murali,4
"Miraculous: Ladybug & Cat Noir, The Movie",4
Security,4
Selling Sunset,4
Record of Ragnarok,4
Enola Holmes 2,4
KENGAN ASHURA,4
Kaleidoscope,4
Kate,4
A Killer Paradox,4
A Man Called Otto,4
A Nearly Normal Family,4
Who Killed Sara?,4
Yaksha: Ruthless Operations,4
Yara,4
Woody Woodpecker,4
Is It Cake?,4
A Deadly Invitation,4
¡Que viva México!,4
Iron Reign,3
(Un)lucky Sisters,3
iNumber Number: Jozi Gold,3
Yellowstone,3
6 Underground,3
Women at War,3
Women on the Edge,3
Just One Look,3
Just Short of Perfect,3
Justice,3
In Time,3
Incoming,3
Infiesto,3
Karma,3
Keep Breathing,3
Where the Tracks End,3
A Good Girl's Guide to Murder,3
A Life Too Short: The Isabella Nardoni Case,3
A Man in Full,3
A Model Family,3
A Perfect Fit,3
Seasons,3
Sector 36,3
Seoul Vibe,3
Divorce Attorney Shin,3
End of the Road,3
Enola Holmes,3
Recurrence,3
Rescued by Ruby,3
Resident Evil,3
Royalteen,3
Dragged Across Concrete,3
Dragon,3
Dragon Ball DAIMA,3
Dream,3
Drifting Home,3
Dungeons & Dragons: Honor Among Thieves,3
Dhamaka,3
Dhoom Dhaam,3
Sister Death,3
Sky High: The Series,3
Sleeping Dog,3
Quarterback,3
Escaping Twin Flames,3
Extraction,3
Ranma1/2,3
Do Revenge,3
Dog Days Out,3
Shrek Forever After,3
Saving Bikini Bottom: The Sandy Cheeks Movie,3
Dog Gone,3
Doona!,3
Scrooge: A Christmas Carol,3
David and the Elves,3
Dead Boy Detectives,3
Spy Kids: Armageddon,3
Plan A Plan B,3
Fair Play,3
Prey,3
Prisoners,3
Puss in Boots: The Last Wish,3
Delicious,3
Sniper: Assassin's End,3
Song of the Bandits,3
Sonic Prime,3
Silver Skates,3
Detective Forst,3
Deva,3
Devil in Ohio,3
Daughter From Another Mother,3
Stolen,3
Stolen Vacation,3
Persuasion,3
Phenomena,3
Fatale,3
Father Stu,3
Fatherhood,3
Fenced In,3
Photocopier,3
Pinkfong & Baby Shark's Space Adventure,3
Soulcatcher,3
Spaceman,3
Spellbound,3
Spider-Man: Homecoming,3
Spiderhead,3
The 8th Night,3
First Kill,3
First Love,3
Outside,3
Overhaul,3
Partner Track,3
D.P.,3
DEPP V HEARD,3
Survival of the Thickest,3
Sweet Home,3
THE DAYS,3
Tall Girl 2,3
Still Time,3
Dabba Cartel,3
Dancing for the Devil: The 7M TikTok Cult,3
Dasvi,3
The Boss Baby: Back in the Crib,3
One of Us Is Lying,3
Our Father,3
Our Planet,3
For Life,3
Ferry 2,3
Fighter,3
Find Me Falling,3
Territory,3
Testament: The Story of Moses,3
"Thank You, I'm Sorry",3
Control Z,3
Conversations with a Killer: The John Wayne Gacy Tapes,3
Court: State vs A Nobody,3
Cowboy Bebop,3
That '90s Show,3
The Emoji Movie,3
OMG 2,3
Officer on Duty,3
Old Dads,3
From the Ashes,3
Old People,3
Once Upon a Crime,3
City Hunter,3
Class Act,3
The Buckingham Murders,3
The Circle,3
Code 8 Part II,3
Cold Case: Who Killed JonBenét Ramsey,3
The Bequeathed,3
The Big 4,3
The Black Book,3
CBI 5: The Brain,3
Camp Crasher,3
The Kissing Booth 3,3
GTMAX,3
Non Negotiable,3
The Great Wall,3
The Hand of God,3
The Harder They Fall,3
The Father Who Moves Mountains,3
The Frog,3
Caught,3
Chasing the Wind,3
The Garfield Movie,3
The Courier,3
The Cuphead Show!,3
Chokehold,3
My Name Is Loh Kiwan,3
Girl in the Picture,3
Girls to Buy,3
The Last Kingdom: Seven Kings Must Die,3
The Last Letter From Your Lover,3
The Law According to Lidia Poët,3
The Longest Night,3
Bruised,3
Bullet Train Explosion,3
The Lost Children,3
The Loud House Movie,3
The Love Scam,3
The Hijacking of Flight 601,3
The Hunger Games,3
The Imperfects,3
Burn the House Down,3
Murdaugh Murders: A Southern Scandal,3
Murder Mindfully,3
Muted,3
My Best Friend Anne Frank,3
"My Brother, My Sister",3
My Father's Violin,3
The Magician's Elephant,3
Blood Vessel,3
Bodkin,3
Bogotá: City of the Lost,3
Borderless Fog,3
Boy Swallows Universe,3
Brazen,3
The Marksman,3
The Menendez Brothers,3
The Midnight Club,3
The Quake,3
Best. Christmas. Ever!,3
Mission Majnu,3
"Good Morning, Verônica",3
Goyo,3
Grace and Frankie,3
Green Snake,3
Morbius,3
Mother/Android,3
Mr. Harrigan's Phone,3
Blonde,3
Blood Coast,3
The Monkey King,3
The Most Beautiful Girl in the World,3
The Next 365 Days,3
The Nurse,3
Bhakshak,3
Bhool Bhulaiyaa 3,3
Big Mouth,3
The Railway Men - The Untold Story Of Bhopal 1984,3
The Royal Treatment,3
Midsummer Night,3
Migration,3
Minions & More Volume 1,3
Grey's Anatomy,3
Guillermo del Toro's Cabinet of Curiosities,3
Missing,3
Black Clover: Sword of the Wizard King,3
Black Island,3
Black Knight,3
The Pope's Exorcist,3
The Power of the Dog,3
Bartkowiak,3
Believer 2,3
The Silent Sea,3
The Sinner,3
The Snow Girl,3
Marmaduke,3
Master of the House,3
Matilda,3
Mea Culpa,3
Mean Girls,3
Happiness for Beginners,3
Happy Ending,3
Meenakshi Sundareshwar,3
Meet Me Next Christmas,3
Midnight at the Pera Palace,3
Between Lands,3
Havoc,3
He's All That,3
Heart Parade,3
Heart of the Hunter,3
Heartbreak High,3
Heartstopper,3
Heavenly Ever After,3
Bad Surgeon: Love Under the Knife,3
Bade Miyan Chote Miyan,3
The Trunk,3
The Vault,3
Barbarians,3
The Swimmers,3
The Takeover,3
The Taming of the Shrewd,3
The Secret of the River,3
"Lover, Stalker, Killer",3
High Tides,3
High Water,3
Hit Man,3
Lulli,3
Lust Stories 2,3
MH370: The Plane That Disappeared,3
Ma,3
The Walking Dead,3
The War Next-door,3
The Weekend Away,3
Atypical,3
Baby Bandito,3
The Witcher: Blood Origin,3
The Wrath of God,3
The Yara Gambirasio Case: Beyond Reasonable Doubt,3
Apple Cider Vinegar,3
Archive 81,3
Army of the Dead,3
Arnold,3
Art of Love,3
Ashes,3
They Cloned Tyrone,3
This Is the Zodiac Speaking,3
Love at First Kiss,3
Love at First Sight,3
Love in the Villa,3
Home Team,3
Honeymoon Crasher,3
Honeymoonish,3
Love on the Spectrum,3
Love to Hate You,3
Hot Frosty,3
Lou,3
Love Is Blind: Brazil,3
Love Tactics 2,3
Top Boy,3
Toxic Town,3
Toy Boy,3
Time Cut,3
Titans,3
Animal,3
Anyone But You,3
Aníkúlápó,3
Tomorrow,3
Too Hot to Handle: Brazil,3
Too Old for Fairy Tales,3
Thelma the Unicorn,3
Unexplainable,3
Unfrosted,3
Unicorn Academy,3
Unseen,3
Locked In,3
Lockwood & Co.,3
Lolo and the Kid,3
Look Both Ways,3
True Spirit,3
True Story,3
Tu Jhoothi Main Makkaar,3
Turning Point: 9/11 and the War on Terror,3
All-Time High,3
Alpha Males,3
Amandla,3
Ultraman: Rising,3
Warrior Nun,3
What Jennifer Did,3
Kung Fu Hustle,3
Kung Fu Panda 3,3
La Dolce Villa,3
Lady Chatterley's Lover,3
I Am Georgina,3
I Came By,3
I Can't Live Without You,3
IC 814: The Kandahar Hijack,3
Last Call for Istanbul,3
Lesson Plan,3
ATHENA,3
Adipurush,3
Afterlife of the Party,3
AlRawabi School for Girls,3
Khel Khel Mein,3
Killer Book Club,3
Kinda Pregnant,3
Ice Age: Collision Course,3
Ice Age: Dawn of the Dinosaurs,3
If Only,3
In From the Cold,3
In His Shadow,3
Kingsman: The Golden Circle,3
Kingsman: The Secret Service,3
Knight and Day,3
A Tourist's Guide to Love,3
A Vampire in the Family,3
A Virtuous Business,3
Warcraft,3
Warrior,3
Worst Roommate Ever,3
JUNG_E,3
Jaane Jaan,3
Jack Reacher,3
Jackass 4.5,3
Interceptor,3
Jersey,3
Jewel Thief - The Heist Begins,3
Johnny,3
Jujutsu Kaisen,3
Jumanji: The Next Level,3
Without Saying Goodbye,3
Woman of the Hour,3
A Castle For Christmas,3
A Copenhagen Love Story,3
A Day and a Half,3
Rurouni Kenshin: The Final,3
S.W.A.T.,3
STAND BY ME Doraemon 2,3
Safe House,3
Rest In Peace,3
Revelations,3
Rhythm + Flow France,3
Dunki,3
Ehrengard: The Art of Seduction,3
El Jeremías,3
Rosa Peral's Tapes,3
Rough Diamonds,3
1992,3
Your Honor,3
iHostage,3
Irish Wish,3
Rich in Love 2,2
Bank Under Siege,2
Barbarian,2
Return to Space,2
The Swarm,2
The Shack,2
Riverdance: The Animated Adventure,2
River Wild,2
Elena Knows,2
El marginal,2
El Conde,2
This Is Where I Leave You,2
Einstein and the Bomb,2
Beckett,2
Earwig and the Witch,2
Dynasty Warriors,2
Rise of the Guardians,2
Belzebuth,2
Run Rabbit Run,2
The Snow Sister,2
Dream Girl 2,2
Drawing Closer,2
Dracula Untold,2
Dr. Cheon and the Lost Talisman,2
Ek Villain Returns,2
Rana Naidu,2
Bad Influence: The Dark Side of Kidfluencing,2
Bad Vegan: Fame. Fraud. Fugitives.,2
RIPLEY,2
Badhaai Do,2
Queer Eye,2
Queenpins,2
Queen of the South,2
Red Rose,2
Enough,2
The Sound of Magic,2
Bank Robbers: The Last Great Heist,2
The Starling,2
The Stranger,2
Emergency,2
The Strays,2
Elves,2
Elize Matsunaga: Once Upon a Crime,2
Baki Hanma VS Kengan Ashura,2
Rebelde,2
Ballers,2
Rifle Club,2
Ballot,2
Bangkok Breaking: Heaven and Hell,2
Encounters,2
Scoop,2
Schumacher,2
Dobaaraa,2
Disturbia,2
Disenchantment,2
The Predator,2
"Disco, Ibiza, Locomía",2
The Price of Family,2
Selling The OC,2
The Price of Nonna's Inheritance,2
See You on Venus,2
Downfall: The Case Against Boeing,2
The Princess Switch 3: Romancing the Star,2
Double XL,2
Dora and the Lost City of Gold,2
Sin Nombre,2
The Privilege,2
Silverton Siege,2
Shyam Singha Roy,2
Shrek the Third,2
Shirley,2
Sharkdog,2
Better Call Saul,2
Shark Bait,2
Secrets of the Neanderthals,2
Down the Rabbit Hole,2
"Ruby Gillman, Teenage Kraken",2
Royalteen: Princess Margrethe,2
Rogue City,2
Robbing Mussolini,2
Robbie Williams,2
The Raid 2,2
Savage Beauty,2
Saripodhaa Sanivaaram,2
The Redeem Team,2
Sanctuary,2
Sajini Shinde Ka Viral Video,2
The Seven Deadly Sins: Four Knights of the Apocalypse,2
SPRINT,2
SHAMAN KING,2
Doom of Love,2
The Sand Castle,2
Don't Leave,2
The Search For Instagram's Worst Con Artist,2
The Sentinel,2
Don't Breathe 2,2
Don,2
Doll House,2
Dolittle,2
The Seven Deadly Sins: Cursed by Light,2
SPY x FAMILY,2
Four to Dinner,2
Four Brothers,2
Fishbowl Wives,2
First Wives Club,2
Outlaws,2
Outlaw,2
Outlast,2
The Women and the Murderer,2
Our Living World,2
Our Great National Parks,2
The Wonder,2
Bad Boys: Ride or Die,2
The Wonder Weeks,2
The Year I Started Masturbating,2
One of Them Days,2
Apaixonada,2
One More Time,2
Fierce,2
Ferry: The Series,2
Forever Rich,2
Article 370,2
As the Crow Flies,2
"Ashley Madison: Sex, Lies & Scandal",2
There's Someone Inside Your House,2
Operation Mincemeat,2
No Hard Feelings,2
This Is the End,2
Nightbooks,2
Formula 1: Drive to Survive,2
This Little Love of Mine,2
Oklahoma City Bombing: American Terror,2
Oh My Venus,2
Oh Belinda,2
Obsession,2
Nothing to See Here,2
North of North,2
Frankly Speaking,2
Till Murder Do Us Part: Soering vs. Haysom,2
Noise,2
Tires,2
On the Line,2
On My Block,2
Om Nom Stories,2
To Catch a Killer,2
From Rock Star to Killer,2
From Me to You: Kimi ni Todoke,2
Today We Fix the World,2
Friday Night Plan,2
Freestyle,2
Tiger King,2
Predators,2
Family Secrets,2
Familia,2
The Volcano: Rescue from Whakaari,2
Eye for an Eye,2
Prayers for the Stolen,2
Pokémon the Movie: Secrets of the Jungle,2
Pokémon Concierge,2
The Wasteland,2
Exterritorial,2
Exploding Kittens,2
Florida Man,2
The Taming of the Shrewd 2,2
The Three Musketeers: D'Artagnan,2
The Tournament,2
Back to 15,2
Puss in Boots,2
Promised Hearts,2
Private Lesson,2
"Ready, Set, Love",2
Ready or Not,2
Re/Member,2
Raël: The Alien Prophet,2
Bad Boys for Life,2
The Tale of Lady Ok,2
Thicker Than Water,2
Fistful of Vengeance,2
Asterix & Obelix: The Big Fight,2
At Home With The Furys,2
Pedro Páramo,2
Azaad,2
Parallel Mothers,2
"Pamela, a love story",2
PAW Patrol,2
"BASTARD‼ -Heavy Metal, Dark Fantasy-",2
BLUE EYE SAMURAI,2
Files of the Unexplained,2
The Ultimatum: Queer Love,2
Pitch Perfect,2
The Woman King,2
Ferdinand,2
Fauda,2
The Turning Point,2
Faster,2
Faraway,2
Faraaz,2
The Twilight Saga: New Moon,2
The Twister: Caught in the Storm,2
Prison Cell 211,2
The Two Popes,2
Players,2
The Leopard,2
The Life You Wanted,2
Cirkus,2
The Bricklayer,2
The Little Things,2
The Long Game,2
The Bourne Legacy,2
The Influencer,2
The Blind Side,2
The Collini Case,2
The Claus Family 3,2
Beyond Goodbye,2
The Chosen One,2
The Choice,2
The Champion,2
The Catholic School,2
The Casagrandes Movie,2
CHIPS,2
CJ7,2
The Bubble,2
Cocaine Cowboys: The Kings of Miami,2
The Devil's Plan,2
The Devil Wears Prada,2
The Deepest Breath,2
The Claus Family 2,2
The Archies,2
The Angry Birds Movie 2,2
The Angry Birds Movie,2
The Amazing Spider-Man,2
The Amazing Digital Circus,2
The Lost City,2
The Lost Daughter,2
The 7 Lives of Lea,2
The 100,2
The (Almost) Legends,2
The Blacklist,2
The Legend of Tarzan,2
The Lost Patient,2
Conquer: Lahad Datu,2
The Judge,2
Con Mum,2
The Kings of the World,2
Collision,2
The Kitchen,2
Code Name: Emperor,2
Code 8,2
The Lady of Silence: The Mataviejitas Murders,2
Close to Home: Murder in the Coalfield,2
Cleaner,2
"The Billionaire, The Butler, and the Boyfriend",2
The Hunger Games: Catching Fire,2
The Hunt,2
The Eternaut,2
The Equalizer 2,2
The Equalizer,2
The Envoys,2
The Ice Road,2
The Girl from Oslo,2
Chhaava,2
Cheer,2
The Girl in the Mirror,2
Caged Wings,2
Chandigarh Kare Aashiqui,2
Central Intelligence,2
Centauro,2
Caught in the Web: The Murders Behind Zona Divas,2
Catering Christmas,2
Catching Killers,2
The Four of Us,2
The Golden Hour,2
The Greatest Night in Pop,2
Castlevania: Nocturne,2
Carandiru,2
Car Masters: Rust to Riches,2
Chaos: The Manson Murders,2
The Deep End of the Ocean,2
The Decameron,2
The Dead Don't Die,2
Call Me Chihiro,2
Can I Tell You A Secret?,2
The Dad Quest,2
The Croods: A New Age,2
The Creature Cases,2
The Interest of Love,2
The Conference,2
The Entitled,2
The Endless Night,2
The Hill,2
Cigarette Girl,2
Christmas with You,2
Christmas on Mistletoe Farm,2
Christmas as Usual,2
Christmas Full of Grace,2
The Guide to the Perfect Family,2
Choose or Die,2
Choose Love,2
The Hatchet Wielding Hitchhiker,2
The Four Seasons,2
The Figo Affair: The Transfer that Changed Football,2
The Helicopter Heist,2
The Doomsday Cult of Antares de la Luz,2
Sly,2
Black and Blue,2
Sky Rojo,2
Spider-Man: Into the Spider-Verse,2
Spider-Man: Far from Home,2
Spider-Man: Across the Spider-Verse,2
Special Ops: Lioness,2
Sounds Like Love,2
Sosyal Climbers,2
Somos.,2
Snitch,2
Bubble,2
Squared Love All Over Again,2
Spy Ops,2
The Mystery of Marilyn Monroe: The Unheard Tapes,2
Deep Fear,2
Death Whisperer 2,2
Death Whisperer,2
Death Before the Wedding,2
The Outreau Case: A French Nightmare,2
Dead Man Down,2
The Pacific,2
Spider-Man: No Way Home,2
Subservience,2
Sniper: Ultimate Kill,2
Bhola Shankar,2
Doctor G,2
Doce Família,2
Sintonia,2
Sins of Our Mother,2
Disaster Holiday,2
The Perfect Find,2
The Perfect Mother,2
Dirty Pop: The Boy Band Scam,2
The Perfumier,2
"The Pig, the Snake and the Pigeon",2
Deliver Me,2
The Platform,2
Devil May Cry,2
Bigbug,2
Single All The Way,2
Billionaire Island,2
Sniper: Ghost Shooter,2
Smurfs: The Lost Village,2
Designated Survivor,2
Bionic,2
Departure,2
Den of Thieves 2: Pantera,2
Delivery by Christmas,2
"Devotion, a Story of Love and Desire",2
Surviving Summer,2
Supersex,2
The Man with 1000 Kids,2
Super Crazy,2
Thai Cave Rescue,2
Texas Chainsaw Massacre,2
Terminator Zero,2
Boxer,2
Ted,2
Technoboys,2
The Marriage App,2
Street Kings,2
That's Amor,2
Thar,2
Breaking the Silence: The Maria Soledad Case,2
Crime Diaries: The Celebrity Stylist,2
Creature,2
Brigands: The Quest for Gold,2
Countdown: Paul vs. Tyson,2
Copycat Killer,2
Cooking Up Murder: Uncovering the Story of César Román,2
Conversations with a Killer: The Jeffrey Dahmer Tapes,2
Broad Peak,2
Thalaivii,2
Take Care of Maya,2
Street Flow 2,2
Stranded with my Mother-in-Law,2
Dark Winds,2
Dangerous,2
The Passion of the Christ,2
Daily Dose of Sunshine,2
The Maze Runner,2
The Menu,2
The Merry Gentlemen,2
Srikanth,2
Squared Love Everlasting,2
Summer Vacation,2
Sweet Bobby: My Catfish Nightmare,2
DELETE,2
The Mist,2
Blackout,2
Crime Scene Berlin: Nightlife Killer,2
Blasted,2
Bling Empire,2
Suburræterna,2
Subteran,2
Taboo,2
THE VILLAGE,2
TEST,2
Synchronic,2
Daaku Maharaaj,2
Kaiju No. 8,2
"Hello, Love, Again",2
"Hello, Goodbye, and Everything in Between",2
Hellhole,2
Usogui,2
Lucy,2
Wonderland,2
Maldivas,2
A Dog's Way Home,2
Million Dollar Secret,2
Heist,2
Keep Sweet: Pray and Obey,2
Heirs to the Land,2
A Dog's Journey,2
Heaven in Hell,2
Heat,2
Khakee: The Bengal Chapter,2
Khakee: The Bihar Chapter,2
Head to Head,2
Un/Happy For You,2
Homicide,2
In Her Place,2
Holy Family,2
Untold: Johnny Football,2
Holiday in the Vineyards,2
Hold Tight,2
Love is in the Air,2
Love is Blind: Sweden,2
Love is Blind: Mexico,2
Kleks Academy,2
Untold: The Murder of Air McNair,2
Luz: The Light of the Heart,2
Hitler and the Nazis: Evil on Trial,2
Whitney Houston: I Wanna Dance with Somebody,2
Hillbilly Elegy,2
Hijack '93,2
White Noise,2
"Kiss, Kiss!",2
Hi Nanna,2
Untold: Swamp Kings,2
Meiyazhagan,2
In for a Murder,2
A California Christmas: City Lights,2
Meet the Khumalos,2
U.S. Marshals,2
In the Name of God: A Holy Betrayal,2
A Body that Works,2
Infamy,2
UFO,2
Kho Gaye Hum Kahan,2
Ulajh,2
Hard Feelings,2
Umjolo: Day Ones,2
Windfall,2
Happiness,2
Umjolo: The Gone Girl,2
Aftermath,2
Halftime,2
Afwaah,2
Wolf King,2
Maestro in Blue,2
Madagascar: Escape 2 Africa,2
Under Her Control,2
Under the Amalfi Sun,2
Maamla Legal Hai,2
Khufiya,2
Half Brothers,2
A Discovery of Witches,2
Kill Me If You Dare,2
We Were Kings,2
Maya and the Three,2
Mat Kilau,2
Jurassic World: Chaos Theory,2
Martha,2
Marry My Dead Body,2
A Classic Horror Story,2
In Youth We Trust,2
Marauders,2
Man Vs Bee,2
Unsolved Mysteries,2
Maybe Baby 2,2
Wild Wild Punjab,2
Last Summer,2
Hypnotic,2
A Quiet Place Part II,2
A Quiet Place: Day One,2
How to Sell Drugs Online (Fast),2
How to Rob a Bank,2
Kota Factory,2
Wild Is the Wind,2
In Good Hands 2,2
Kung Fu Panda: The Dragon Knight,2
A Storm for Christmas,2
Kübra,2
La Brea,2
A Tragedy Foretold: Flight 3054,2
Live to 100: Secrets of the Blue Zones,2
Who's a Good Boy?,2
Who Killed Jill Dando?,2
Live is Life,2
How to Lose a Guy in 10 Days,2
I Woke Up A Vampire,2
We're the Millers,2
I See You,2
Wedding Season,2
I Hate Christmas,2
"Watch Out, We're Mad",2
I Believe in Santa,2
Welcome to the Family,2
Warriors of Future,2
WWII in Color: Road to Victory,2
What Happens in Vegas,2
What Men Want,2
Life or Something Like It,2
Last Seen Alive,2
Lies and Deceit,2
Lies Hidden in my Garden,2
Kleo,2
Knives Out,2
Let Him Go,2
WILL,2
Wellmania,2
Love and Leashes,2
A Man of Action,2
Adoration,2
Love Me Instead,2
"Ice Cold: Murder, Coffee and Jessica Wongso",2
"Love Is Blind, Habibi",2
Love Forever,2
Love Again,2
Venom: The Last Dance,2
Lady Voyeur,2
Love & Gelato,2
Workin' Moms,2
A Journey,2
VidaaMuyarchi,2
Untamed Royals,2
"Love, Death & Robots",2
Love of My Loves,2
A Jazzman's Blues,2
Ilary Blasi: The One and Only,2
Vicky Vidya ka Woh Wala Video,2
Land of Bad,2
Little Siberia,2
Little Angel,2
How I Became a Superhero,2
How I Became a Gangster,2
A True Gentleman,2
House of Ga'a,2
Valley of the Dead,2
Vatican Girl: The Disappearance of Emanuela Orlandi,2
Lobola Man,2
A Not So Merry Christmas,2
A Woman With No Filter,2
Kingdom,2
IT'S WHAT'S INSIDE,2
Abduction,2
Looop Lapeta,2
Lookism,2
Abominable,2
Lone Survivor,2
Lohusa,2
A Walk Among the Tombstones,2
Investigation Alien,2
Ghosts,2
Goodbye,2
Invisible City,2
Ipar Adalah Maut,2
Gifted,2
Trollhunters: Rise of the Titans,2
2 Hearts,2
Worth,2
Gone for Good,2
Jaadugar,2
JJ+E,2
Golden Kamuy,2
Tuiskoms,2
Going in Style,2
Yo Yo Honey Singh: Famous,2
Jailbreak: Love on the Run,2
Jagun Jagun,2
Ghislaine Maxwell: Filthy Rich,2
Ghost Doctor,2
Mission: Impossible - Fallout,2
American Conspiracy: The Octopus Murders,2
Missing: The Lucie Blackman Case,2
Togo,2
12 Strong,2
Ghostbusters: Frozen Empire,2
Invasion,2
Mr. & Mrs. Mahi,2
More the Merrier,2
American Manhunt: The Boston Marathon Bombing,2
Graveyard,2
Into the Wind,2
Intrusion,2
An Action Hero,2
Goodbye Earth,2
American Manhunt: O.J. Simpson,2
Get Gotti,2
Transformers: Rise of the Beasts,2
Navarasa,2
You Are Not Alone: Fighting the Wolf Pack,2
Nadaaniyan,2
Night School,2
NYAD,2
Transformers: The Last Knight,2
Glamorous,2
Night Teeth,2
Trap,2
Gone Girls: The Long Island Serial Killer,2
Treason,2
Murder Mubarak,2
jeen-yuhs: A Kanye Trilogy,2
Is It Cake? Holiday,2
You Are What You Eat: A Twin Experiment,2
10 Days of a Good Man,2
Top Gun: Maverick,2
Tour de France: Unchained,2
2 Guns,2
Ìjọ̀gbọ̀n,2
An Invisible Victim: The Eliza Samudio Case,2
"Go Ahead, Brother",2
Next in Fashion,2
Transatlantic,2
Mr. Car and the Knights Templar,2
Ángel Di María: Breaking Down the Wall,2
10 Days of a Bad Man,2
Munich – The Edge of War,2
Mrs. Chatterjee vs Norway,2
Mr. Plankton,2
Young Royals,2
Mr. McMahon,2
Zero to Hero,2
Nice Girls,2
28 Days Haunted,2
Turn of the Tide,2
Turning Point: The Bomb and the Cold War,2
Garouden: The Way of the Lone Wolf,2
All the Places,2
Aloha,2
Hack Your Health: The Secrets of Your Gut,2
Jimmy Savile: A British Horror Story,2
Anweshippin Kandethum,2
Wyatt Earp and The Cowboy War,2
HIT: The First Case,2
Along for the Ride,2
JoJo's Bizarre Adventure,2
Guns & Gulaabs,2
Alpha,2
Alvin and the Chipmunks: Chipwrecked,2
Missing: Dead or Alive?,2
Gumraah,2
Alone,2
Mili,2
Inside Man,2
Kaala Paani,2
Against The Ice,2
Melo Movie,2
Mighty Bheem's Playtime,2
1883,2
7 Prisoners,2
Men in Black: International,2
Mermaid Magic,2
Alexander: The Making of a God,2
Alita: Battle Angel,2
Captain Nova,2
Too Old for Fairy Tales 2,2
"Jerry Springer: Fights, Camera, Action",2
Too Hot to Handle: Germany,2
Tonight You're Sleeping with Me,2
Meskina,2
Monster High: The Movie,2
Journey 2: The Mysterious Island,2
Anna Nicole Smith: You Don't Know Me,2
Jumping from High Places,2
Monster,2
Jurassic World,2
Tòkunbọ̀,2
Jurassic World Camp Cretaceous,2
Two,2
Yakamoz S-245,2
1000 Miles from Christmas,2
Nobody Sleeps in the Woods Tonight 2,2
Money Shot: The Pornhub Story,2
Amazon Bullseye,2
365 Days,2
Wrong Place,2
Get Out,2
"Monica, O My Darling",2
Minions & More Volume 2,2
40 Years Young,2
Ya veremos,2
7 Women and a Murder,2
Joko Anwar's Nightmares and Daydreams,2
404,2
Grown Ups,2
Amar Singh Chamkila,2
"Boo, Bitch",1
War,1
War Sailor,1
Can You Keep a Secret?,1
Blood Legacy,1
The Machine,1
The Manhattan Alien Abduction,1
Blown Away,1
Brand New Cherry Flavor,1
The Lørenskog Disappearance,1
Blood of Zeus,1
211,1
Borrego,1
Boruto: Naruto Next Generations,1
A Very Good Girl,1
Yeh Kaali Kaali Ankhein,1
The Lulú Club,1
The Lovely Bones,1
Wild,1
Yakuza Princess,1
The Girl in the Spider's Web,1
The Marine,1
The Match,1
Words Bubble Up Like Soda Pop,1
The Kings of Tupelo: A Southern Crime Saga,1
Wonder,1
The Kissing Booth,1
The Invisible Man,1
The Kissing Booth 2,1
4 Kings,1
The Last Hours of Mario Biondo,1
The Last Stand,1
The Later Daters,1
42 Days of Darkness,1
The Lego Movie,1
A Deadly American Marriage,1
Capitani,1
47 Ronin,1
A Day to Die,1
A Cut Above,1
A Christmas Miracle for Daisy,1
The Indrani Mukerjea Story: Buried Truth,1
CTRL,1
The Informer,1
Burlesque,1
Buying Beverly Hills,1
65,1
6ixtynin9 The Series,1
"With Love, Meghan",1
Buying London,1
47 Meters Down: Uncaged,1
The Girl Next Door,1
Britain and The Blitz,1
Bro,1
The Hurricane Heist,1
A Perfect Enemy,1
A Part of You,1
maboroshi,1
Brother in Love 2,1
The Huntsman: Winter's War,1
"Bua Pun, Beauty and the Blade",1
Buba,1
The Hooligan,1
The Heartbreak Kid,1
The Invisible Thread,1
The Heartbreak Agency,1
The Healer,1
Bullsh*t The Gameshow,1
The Haunted Palace,1
The Hard Way,1
The Longest Yard,1
The Losers,1
A Hard Day,1
World Trade Center,1
World War Z,1
The Guardian of the Monarchs,1
White Hot: The Rise & Fall of Abercrombie & Fitch,1
White Chicks,1
The Invitation,1
Budapest,1
Backtrace,1
Backstreet Rookie,1
Turning Point: The Vietnam War,1
The Three Musketeers: Milady,1
Two Summers,1
The Whirlwind,1
The Water Man,1
Tyson's Run,1
The Walking Dead: The Ones Who Live,1
Triple Frontier,1
Big Vape: The Rise and Fall of Juul,1
The Vow,1
Ambulance,1
The Vanishing,1
The Upshaws,1
American Made,1
The Twilight Saga: Eclipse,1
The Tutor,1
American Sniper,1
Amina,1
Amores perros,1
The Waiter,1
Bebefinn Playtime,1
Beautiful Rebel,1
Baywatch,1
Battleship,1
Battle: Freestyle,1
Battle Camp,1
The Silencing,1
UglyDolls,1
Barbecue Showdown,1
"Umjolo: My Beginning, My End!",1
Alvin and the Chipmunks: The Squeakquel,1
Bake Squad,1
Bagheera,1
Air Force The Movie: Danger Close,1
Air Mata di Ujung Sajadah,1
Alkhallat+,1
The Trust,1
All India Rank,1
All My Life,1
Bad Influence,1
Bad Boy,1
Banger,1
Trees of Peace,1
Trial by Fire,1
Tribhuvan Mishra CA Topper,1
Triple 9,1
Together: Treble Winners,1
Tomb Raider,1
To Leslie,1
To Kill a Tiger,1
Ancient Apocalypse,1
Anek,1
The Wolf's Call,1
Time Trap,1
Tides,1
Ankahi Kahaniya,1
Thunivu,1
Those Who Wish Me Dead,1
Thoroughbred,1
Anna,1
Another Life,1
Toolsidas Junior,1
Top Gun,1
Angel Falls Christmas,1
The Wolf of Wall Street,1
An Inconvenient Love,1
The Witcher: Sirens of the Deep,1
The Witcher: Nightmare of the Wolf,1
Baby Fever,1
Baby Driver,1
Trolls World Tour,1
B&B Merry,1
Trust No One: The Hunt for the Crypto King,1
Avicii - I'm Tim,1
Transporter 2,1
Tower Heist,1
Assassin's Creed,1
Trainwreck: Woodstock '99,1
There's Still Tomorrow,1
Transformers: Dark of the Moon,1
Transformers: Revenge of the Fallen,1
Asaf,1
Army of One,1
Aranyak,1
Aquaman,1
The Wrong Track,1
Attack on Titan,1
A Simple Favor,1
The Murderer,1
The Mummy,1
The Mule,1
A Tale Dark & Grimm,1
The Mountain Between Us,1
The Most Hated Man on the Internet,1
The Mole,1
Blood Ties,1
Blood Sisters,1
Unstable,1
The Playing Card Killer,1
Black Warrant,1
Black Beach,1
Black Adam,1
Aaron Rodgers: Enigma,1
Bitconned,1
Biohackers,1
Accused,1
Adagio,1
After Ever Happy,1
The Playlist,1
Blood & Water,1
Bling Empire: New York,1
Welcome Home Roscoe Jenkins,1
Blade of the 47 Ronin,1
Blade Runner 2049,1
Blacklight,1
The Mitchells vs. The Machines,1
What If,1
The Mire,1
When the Stars Gossip,1
The Old Ways,1
The Medium,1
W.A.G.s to Riches,1
WHAM!,1
The Paradise of Thorns,1
The Parades,1
Waco: American Apocalypse,1
Wallace & Gromit: Vengeance Most Fowl,1
Waltair Veerayya,1
A Royal Date for Christmas,1
A Score to Settle,1
The Outpost,1
Where is Marta?,1
The Rose of Versailles,1
The Rope Curse 3,1
The Rising of the Shield Hero,1
The Resident,1
Uncoupled,1
Under Fire,1
The Queenstown Kings,1
The Son,1
The Snowman,1
Under the Boardwalk,1
After We Fell,1
Underwater,1
Unfaithful,1
Unhinged,1
Unknown: Cave of Bones,1
The Smurfs,1
Unknown: Cosmic Time Machine,1
Beetlejuice Beetlejuice,1
Unknown: Killer Robots,1
Bee Movie,1
Unknown: The Lost Pyramid,1
Undercover,1
Big Nunu's Little Heist,1
Victim/Suspect,1
Until You Burn,1
Untold: Hall of Shame,1
Ben Is Back,1
Ben & Jody,1
Untold: Jake Paul the Problem Child,1
The Proposal,1
Untold: Malice at the Palace,1
Untold: Sign Stealer,1
The Royals,1
The Postcard Killings,1
The Possession of Hannah Grace,1
The Point Men,1
The Seven Deadly Sins: Grudge of Edinburgh Part 2,1
The Seven Deadly Sins: Grudge of Edinburgh Part 1,1
Upon Open Sky,1
Vaathi,1
Vadh,1
Valentina's Wedding,1
The Secret of the Greco Family,1
Valle Salvaje,1
Upgrade,1
Men of Plastic,1
Men in Black 3,1
Memoirs of a Geisha,1
Miss Peregrine's Home for Peculiar Children,1
Miss Adrenaline: A Tale of Twins,1
Mismatched,1
Hack My Home,1
Guntur Kaaram,1
Gunpowder Milkshake,1
Gundam: Requiem for Vengeance,1
Grumpy Christmas,1
Grown Ups 2,1
Minha Vida Em Marte,1
Monster Hunter,1
A Bad Moms Christmas,1
Monk Comes Down the Mountain,1
Monk,1
Monique Olivier: Accessory to Evil,1
Mixed by Erry,1
Mission: Impossible - Ghost Protocol,1
Mission Pays Basque,1
Missed Connections,1
Mr. & Mrs. Smith,1
Green Lantern,1
Grave of the Fireflies,1
Grave Torture,1
Grand Isle,1
Goosebumps 2: Haunted Halloween,1
Good on Paper,1
Good Bad Ugly,1
Monster High 2,1
Malbatt: Misi Bakara,1
Hellboy,1
Heartsong,1
Mafia Mamma,1
Madagascar,1
Mad Square,1
MADOFF: The Monster of Wall Street,1
Medieval,1
Mech Cadets,1
McGREGOR FOREVER,1
Maze Runner: The Scorch Trials,1
Masters of the Universe: Revolution,1
Marry Me,1
Married at First Sight,1
Mallari,1
Mending the Line,1
Megan Leavey,1
Have a nice day!,1
Hatching,1
Harold and the Purple Crayon,1
Hard Target 2,1
Hard Days,1
Happiness Is,1
Hanna,1
Halo,1
Mindcage,1
Mighty Morphin Power Rangers: Once & Always,1
Midnight in the Switchgrass,1
Metal Lords,1
Menjelang Ajal,1
Meninas Não Choram,1
Meltdown: Three Mile Island,1
Furiosa: A Mad Max Saga,1
Full Swing,1
No More Bets,1
Nikamma,1
Old,1
Off Track,1
Oddballs,1
Octonauts: Above & Beyond,1
Oblivion,1
Norbit,1
Nonnas,1
Non-Stop,1
Once Upon a Small Town,1
Old Henry,1
Monte Carlo,1
Frozen Hot Boys,1
Friendly Rivalry,1
Freeridge,1
Our Oceans,1
Operation Romeo,1
Open Your Eyes,1
Only Mine,1
Onimusha,1
One Piece Film: Strong World,1
Fiasco,1
Fever Dream,1
Ferry,1
Forever Out of My League,1
Force of Nature,1
"For Better, for Worse",1
Full Speed,1
Monsters Inside: The 24 Faces of Billy Milligan,1
Gold & Greed: The Hunt for Fenn's Treasure,1
Godzilla x Kong: The New Empire,1
Godspeed,1
God's Favorite Idiot,1
Go!,1
Glow Up,1
Glitch,1
Munkar,1
Geostorm,1
Mysteries of the Terracotta Warriors,1
Mysteries of the Faith,1
My Wonderful Life,1
My Hero Academia: You're Next,1
My Hero Academia,1
Fury,1
My Dad the Bounty Hunter,1
Muscles & Mayhem: An Unauthorized Story of American Gladiators,1
Murder by the Coast,1
Neymar: The Perfect Chaos,1
Glamour Girls,1
Gladbeck: The Hostage Crisis,1
Gigantes,1
Ghosts of the Abyss,1
Nobody Sleeps in the Woods Tonight,1
Nobody,1
No Ritmo da Fé,1
No One Gets Out Alive,1
Gatta Kusthi,1
Gangs of Oslo,1
Gandeevadhari Arjuna,1
My Family,1
Infinite Storm,1
Infinite,1
Indian Matchmaking,1
In the Heart of the Sea,1
In Our Prime,1
Just Like Heaven,1
Jurassic World: Fallen Kingdom,1
King Arthur: Legend of the Sword,1
Killer Sally,1
Kick-Ass 2,1
Keys to the Heart,1
Kaulitz & Kaulitz,1
Katla,1
Karol G: Tomorrow was Beautiful,1
Luccas Neto em: O Mapa do Tesouro 2,1
Kadhalikka Neramillai,1
Kitz,1
Kiss the Girls,1
In Love and Deep Water,1
In Love All Over Again,1
If I Were Luísa Sonza,1
Identity Thief,1
Ibiza,1
King of Clones,1
Larva Pendant,1
Larissa: The Other Side of Anitta,1
Labyu With An Accent,1
Labor Day,1
Kuttey,1
Kung Fu Panda 4,1
Kannai Nambathe,1
Jaguar,1
900 Days Without Anabel,1
24 Hours with Gaspar,1
Òlòtūré: The Journey,1
14 Peaks: Nothing Is Impossible,1
21 Jump Street,1
It Takes Two,1
It Ends With Us,1
It,1
Irugapatru,1
Zombieverse,1
You Gotta Believe,1
You Don't Know Me,1
1917,1
Jana Gana Mana,1
Inside Job,1
Into the Night,1
Intervenção,1
Instant Daddy,1
Inside the Mind of a Dog,1
Inside the Mind of a Cat,1
Inside Man: Most Wanted,1
Jules,1
John Wick: Chapter 3 - Parabellum,1
John Wick: Chapter 2,1
John Wick,1
Jogi,1
Jeffrey Epstein: Filthy Rich,1
Je Suis Karl,1
Japan,1
Kaapa,1
Iratta,1
Hound's Hill,1
Hotel Mumbai,1
Hotel Del Luna,1
Hot Skull,1
Lost,1
Lords of Scam,1
Long Shot,1
Love Never Lies: Poland,1
Love Never Lies: Destination Sardinia,1
Love Never Lies,1
Love Like the Falling Petals,1
Love Is Blind: Germany,1
Love After Music,1
Love 101,1
Kondal,1
Lost in the Night,1
Lost Paradise,1
Hopeless,1
Honest Thief,1
Homefront,1
HollyBlood,1
Hitman: Agent 47,1
Hitman,1
Love at Second Sight,1
"Lyle, Lyle, Crocodile",1
His Three Daughters,1
Herself,1
Ludik,1
Luccas Neto em: O Plano dos Vilões,1
Luccas Neto em: O Meu Aniversário,1
Loudermilk,1
Kohrra,1
Last Bullet,1
Lassie Come Home,1
Larva in Mars,1
IF,1
"I, the Executioner",1
I Used to Be Famous,1
I Just Killed My Dad,1
I Don't Know Whether to Slit My Wrists or Leave Them Long,1
I Am Vanessa Guillen,1
I Am Not Mendoza,1
I AM A KILLER,1
Line of Duty,1
Lifemark,1
Life of a King,1
House of Secrets: The Burari Deaths,1
Letters to God,1
Let's Get Divorced,1
Les Segpa,1
Leatherface,1
Law Abiding Citizen,1
Laura,1
Last Vegas,1
Human Resources,1
Hubie Halloween,1
How to Train Your Dragon: The Hidden World,1
How to Ruin Love,1
How to Get Rich,1
How to Become a Mob Boss,1
How to Become a Cult Leader,1
How To Deal With a Heartbreak,1
Life After Death with Tyler Henry,1
Sumala,1
Sukhee,1
Suck Me Shakespeer 3,1
THE MAGIC PRANK SHOW with Justin Willman,1
Switch,1
Sweet Family,1
Suzume,1
Surviving Paradise,1
Surviving Black Hawk Down,1
Super Rich in Korea,1
Super PupZ,1
Thai Massage,1
Tex Mex Motors,1
Terror Tuesday: Extreme,1
Focus,1
Tenor,1
Temptation Island,1
Tell Them You Love Me,1
Tear This Heart Out,1
Tammy,1
"Tad, The Lost Explorer and the Emerald Tablet",1
Thanksgiving,1
Crawl,1
Cracow Monsters,1
Court of Gold,1
Thank You for Coming,1
Thangalaan,1
Thandel,1
The Back-Up Plan,1
The Baby-Sitters Club,1
Terminator: Dark Fate,1
Sleeping Princess,1
Skyscraper,1
Skylines,1
Spider-Man,1
Space Force,1
Sophie: A Murder in West Cork,1
Sonic the Hedgehog 2,1
Somebody,1
Snowflake Mountain,1
Sniper: Rogue Mission,1
Spy x Family Code: White,1
Spy Kids,1
Sputnik,1
Deep Impact,1
Deep,1
Summer Heat,1
Dead Sea,1
Daughter of the Wolf,1
Dated and Related,1
Dasara,1
Dancing on Glass,1
Daddy's Home 2,1
Daddy Day Care,1
Stillwater,1
St. Vincent,1
DI4RIES,1
Cyber Hell: Exposing an Internet Horror,1
Crypto Boy,1
Crossroads,1
Crime Scene: The Times Square Killer,1
Crime Scene: The Texas Killing Fields,1
Death to 2021,1
The Day After Tomorrow,1
The Dark Knight Rises,1
The Core,1
The Condemned,1
The Dilemma,1
The Diamond Heist,1
Cindy la Regia,1
Christmas Flow,1
Children of the Church Steps,1
Child of Kamiari Month,1
The Forever Purge,1
The Flash,1
The First Slam Dunk,1
The Festival of Troubadours,1
The Assistant,1
The Father,1
The Fate of the Furious,1
The Fast and the Furious,1
The Fame Game,1
The Fairly OddParents: A New Wish,1
The Ghost,1
The Getaway King,1
The Frozen Ground,1
Chicken Nugget,1
Chastity High,1
Charlie's Angels,1
The Grimm Variations,1
Casper,1
Captains of the World,1
Captain Underpants: The First Epic Movie,1
The Favourite,1
The Apothecary Diaries,1
The Age of Adaline,1
The Accountant,1
The Accidental Twins,1
The Abandoned,1
The Biggest Fan,1
Confidential Assignment 2: International,1
Concrete Utopia,1
Compadres,1
Colombiana,1
Collateral,1
Cold Meat,1
The Beautiful Game,1
The Beast,1
Coach Carter,1
The Deep House,1
Clean,1
Class,1
Clark,1
City of God,1
The Boyfriend,1
The Boy and the Heron,1
The Boss Baby: Family Business,1
The Boss Baby: Christmas Bonus,1
The Company Men,1
The Club,1
The Clovehitch Killer,1
The Chair,1
The Call,1
The Burning Sea,1
The Devil on Trial,1
Cleveland Abduction,1
Extinct,1
Exodus: Gods and Kings,1
Exhuma,1
Everything Now,1
Eve,1
Eva Lasting,1
Escape Room,1
Escape From Mogadishu,1
Escape,1
Queen Cleopatra,1
Project UFO,1
Raw,1
Ransomed,1
Ranga Ranga Vaibhavanga,1
Smile,1
Ramabanam,1
Racionais MC's: From the Streets of São Paulo,1
R.I.P.D.,1
Entrapped,1
Enforcement,1
Emily the Criminal,1
Emergency: NYC,1
Elysium,1
Elite Squad,1
Receiver,1
Rebound,1
Real Steel,1
Riders of Justice,1
Ride Along 2,1
Ride Along,1
Rambo: Last Blood,1
Flushed Away,1
Flu,1
Flight,1
Fisk,1
"Pepsi, Where's My Jet?",1
Peppa Pig,1
Pedal to Metal,1
Passing,1
Partiu América,1
Owning Manhattan,1
Over the Hedge,1
Firefighters,1
Finding Ola,1
Final Score,1
Fifty Shades Freed,1
Poisoned: The Dirty Truth About Your Food,1
Pinkfong Little Dino School,1
Pilot,1
Feria: The Darkest Light,1
Father Christmas Is Back,1
Fast X,1
"Farewell, Mr. Haffmann",1
Perfume: The Story of a Murderer,1
Perdida,1
Prime Time,1
Pretty Woman,1
Failure to Launch,1
Faceless,1
FOREVER,1
Eye of the Storm,1
Politically Incorrect,1
Playing with Fire,1
Scream VI,1
Scott Pilgrim Takes Off,1
School of Chocolate,1
School Spirits,1
Do Not Disturb,1
Divorce,1
Dive Club,1
Disconnect: The Wedding Planner,1
Sex and the City,1
Selling Tampa,1
Seal Team,1
Simón,1
Sicario,1
She Would Never Know,1
Riddick,1
Shark Tale,1
Shaolin Soccer,1
Shania Twain: Not Just a Girl,1
Sky High,1
Sir,1
Disappearance at Clifton Hill,1
Disappear Completely,1
Dirty Grandpa,1
Dhak Dhak,1
Devotion,1
Sinkhole,1
Sin instrucciones,1
Smother-in-Law,1
Desierto,1
Den of Thieves,1
She,1
Rez Ball,1
Rewind,1
Return of the King: The Fall and Rise of Elvis Presley,1
Represent,1
Reporting for Duty,1
Replacing Chef Chico,1
Regular Show,1
Redemption Day,1
Redemption,1
Rob Peace,1
Riverdale,1
Rising Impact,1
Edge of Tomorrow,1
EDENS ZERO,1
Rise of the Legend,1
Don't Buy the Seller,1
Dune,1
Dumb Money,1
Robinson Crusoe,1
School Life,1
Scary Movie,1
Scaredy Cats,1
Santo,1
Saakini Daakini,1
SPRIGGAN,1
Rust Creek,1
Running with the Devil: The Wild World of John McAfee,1
Running with the Devil,1
Doom at Your Service,1
Don't Kill Me,1
Don't Hate the Player,1
Runaway Jury,1
